request_id,arrival_seconds,service_seconds
0,0.0,0.6754841186120953
1,0.01,0.12250967970040025
2,0.02,0.34752638653220735
3,0.03,0.3008896643339405
4,0.04,0.7628240927476112
5,0.05,0.7090295386806201
6,0.06,0.9029616109343609
7,0.07,0.17824494936647456
8,0.08,0.4797296377167434
9,0.09,0.12681749749426333
10,0.1,0.29677417732324307
11,0.11,0.5548197592930262
12,0.12,0.12388237271547727
13,0.13,0.2789538856179836
14,0.14,0.6848959940015709
15,0.15,0.590447332542895
16,0.16,0.29839655983662705
17,0.17,0.6303391154883179
18,0.18,0.828487411010044
19,0.19,0.10584888371025492
20,0.2,0.8252373266495271
21,0.21,0.7283254554894042
22,0.22,0.4062254648661927
23,0.23,0.2399315498306034
24,0.24,0.9614917649861031
25,0.25,0.4029350906013641
26,0.26,0.18347125904213313
27,0.27,0.1870447391501176
28,0.28,0.8627449297127138
29,0.29,0.6433534282302019
30,0.3,0.8264154459469422
31,0.31,0.7567586080244361
32,0.32,0.5826052823092307
33,0.33,0.9758041875814335
34,0.34,0.4406809394875182
35,0.35,0.5968365681459044
36,0.36,0.8464641978276953
37,0.37,0.6566677771278214
38,0.38,0.8755362102796995
39,0.39,0.6196169307310858
40,0.4,0.7341146525934311
41,0.41,0.141241945290096
42,0.42,0.30510844808639215
43,0.43,0.36044916724189646
44,0.44,0.17181277923126476
45,0.45,0.3095117977249272
46,0.46,0.1909012864687562
47,0.47,0.3501762427990829
48,0.48,0.6721159998379601
49,0.49,0.42834896107307585
50,0.5,0.4331628704051944
51,0.51,0.2885563276943389
52,0.52,0.340280039844202
53,0.53,0.9429891289412445
54,0.54,0.6832318467219342
55,0.55,0.6482179051002893
56,0.56,0.25402478337828727
57,0.57,0.7562141181553143
58,0.58,0.24706224438573557
59,0.59,0.44150989758188297
60,0.6,0.9905710155729357
61,0.61,0.6759997838686835
62,0.62,0.6012547693971816
63,0.63,0.7161528258908871
64,0.64,0.8585667281708286
65,0.65,0.7983999203916203
66,0.66,0.30614326476769393
67,0.67,0.128890219513634
68,0.68,0.3839077432531738
69,0.69,0.34096678837813243
70,0.7,0.28988455922769385
71,0.71,0.948618742901549
72,0.72,0.888730863825402
73,0.73,0.38321009271863016
74,0.74,0.6898947987653921
75,0.75,0.4560687109545979
76,0.76,0.9230928307664892
77,0.77,0.5129666673286589
78,0.78,0.3383921498482472
79,0.79,0.32196475692458515
80,0.8,0.6052313207468357
81,0.81,0.33646744767064174
82,0.82,0.6261273912011864
83,0.83,0.9080405952422292
84,0.84,0.45946045462635754
85,0.85,0.297388683241555
86,0.86,0.9977838458455992
87,0.87,0.558573664308818
88,0.88,0.1818184709564145
89,0.89,0.14240473788226113
90,0.9,0.19868421731559324
91,0.91,0.664701437532781
92,0.92,0.8128714279266677
93,0.93,0.4799439701197157
94,0.94,0.15717493553676143
95,0.95,0.44345735785588314
96,0.96,0.996509242216087
97,0.97,0.5762029105892233
98,0.98,0.9739705398522563
99,0.99,0.8747017320110483
100,1.0,0.11033291974853768
101,1.01,0.7486496374241751
102,1.02,0.7135393321239173
103,1.03,0.5832732973679157
104,1.04,0.3401426709572885
105,1.05,0.6768656187218273
106,1.06,0.20039695623628878
107,1.07,0.4912887256021945
108,1.08,0.5083513356962858
109,1.09,0.9584343347689721
110,1.1,0.8882676463403747
111,1.11,0.3370501456759817
112,1.12,0.5505275017452685
113,1.13,0.2607866924771183
114,1.14,0.9213650554103384
115,1.15,0.8834667128530902
116,1.16,0.36860031230376966
117,1.17,0.6750545453794047
118,1.18,0.6480731902943551
119,1.19,0.23755534169467135
120,1.2,0.7862597200676361
121,1.21,0.5854411271076632
122,1.22,0.8007638307675023
123,1.23,0.5773183049756597
124,1.24,0.10051470651514915
125,1.25,0.39174045130420576
126,1.26,0.11752906814724907
127,1.27,0.9361887546381554
128,1.28,0.8908496900408658
129,1.29,0.8484989764250614
130,1.3,0.37676271286239527
131,1.31,0.15213264984476882
132,1.32,0.8902086392836365
133,1.33,0.9522545007681946
134,1.34,0.1770881068610909
135,1.35,0.5373914169849524
136,1.36,0.16229126662154525
137,1.37,0.7845419487315084
138,1.38,0.789250986376289
139,1.39,0.21555231804978653
140,1.4,0.5277541402888581
141,1.41,0.5948232341454496
142,1.42,0.33855096604605317
143,1.43,0.8851897369767316
144,1.44,0.4808241461807983
145,1.45,0.29061838489787384
146,1.46,0.5853664799015125
147,1.47,0.7569379621809785
148,1.48,0.2810359570507263
149,1.49,0.3805446621708055
150,1.5,0.9956344209948051
151,1.51,0.6848902518755081
152,1.52,0.4942900755230537
153,1.53,0.5658182569320316
154,1.54,0.20890377628143914
155,1.55,0.30222760332840165
156,1.56,0.40427700593270977
157,1.57,0.62947784661151
158,1.58,0.3071032593369193
159,1.59,0.2981956460064035
160,1.6,0.16389377740812927
161,1.61,0.667992661543089
162,1.62,0.30604760543003895
163,1.63,0.9148780117055152
164,1.64,0.8736718602283718
165,1.65,0.1637716148997881
166,1.66,0.31420417093209574
167,1.67,0.7020800004666525
168,1.68,0.29281312663339476
169,1.69,0.2190806638525225
170,1.7,0.9419628165226039
171,1.71,0.613938783992756
172,1.72,0.5254039236806147
173,1.73,0.806157481861678
174,1.74,0.826747297989979
175,1.75,0.2713689229256899
176,1.76,0.187237732805941
177,1.77,0.4879460641657398
178,1.78,0.48122076071792874
179,1.79,0.5203222012330075
180,1.8,0.7561682645138655
181,1.81,0.7060280925639714
182,1.82,0.9857486902293695
183,1.83,0.18857608403676301
184,1.84,0.46235915389204196
185,1.85,0.4053723448554668
186,1.86,0.8755052827175119
187,1.87,0.3237907005282571
188,1.88,0.2711880175967304
189,1.89,0.5037521930498188
190,1.9,0.4796934758509638
191,1.91,0.3506906302002465
192,1.92,0.3248258030938904
193,1.93,0.9309390393484115
194,1.94,0.4988176705481113
195,1.95,0.8752141942856475
196,1.96,0.5952927812048633
197,1.97,0.1455294965723931
198,1.98,0.9993542215714539
199,1.99,0.8524248265719567
200,2.0,0.9720966315562761
201,2.01,0.9337302847073148
202,2.02,0.8638261609728749
203,2.03,0.24967999954352263
204,2.04,0.5370770129056467
205,2.05,0.29237256927926353
206,2.06,0.4609362632945073
207,2.07,0.15277185997496104
208,2.08,0.44107580707922456
209,2.09,0.9867779594017534
210,2.1,0.3386827523549368
211,2.11,0.8056635417537125
212,2.12,0.509507530605229
213,2.13,0.48070673739114667
214,2.14,0.9615858767737059
215,2.15,0.9958804205434425
216,2.16,0.6001914910650564
217,2.17,0.7465674477666934
218,2.18,0.23931714274665772
219,2.19,0.36703704294510775
220,2.2,0.9718384284722429
221,2.21,0.6212622617346306
222,2.22,0.5879756812368468
223,2.23,0.7731780043411577
224,2.24,0.15144874561673477
225,2.25,0.6257598350130741
226,2.26,0.5525653446275622
227,2.27,0.8674479028434569
228,2.28,0.24168945514553494
229,2.29,0.9647010129470053
230,2.3,0.1721003187165282
231,2.31,0.2672424648826509
232,2.32,0.6355315958050249
233,2.33,0.7076912982436812
234,2.34,0.3116835055008381
235,2.35,0.20789795255241178
236,2.36,0.9012585827164937
237,2.37,0.3215938130097624
238,2.38,0.635067238180097
239,2.39,0.6574433592988927
240,2.4,0.47730242380228527
241,2.41,0.6253050603621022
242,2.42,0.570504443978763
243,2.43,0.9412356319627845
244,2.44,0.2838332794811828
245,2.45,0.7445726207104734
246,2.46,0.3148173573542614
247,2.47,0.45620726211212903
248,2.48,0.7045212006639742
249,2.49,0.36999737181888603
250,2.5,0.3845594766446686
251,2.51,0.7766780431729619
252,2.52,0.16528880304384158
253,2.53,0.5124569703567275
254,2.54,0.9986089967689981
255,2.55,0.996486803069585
256,2.56,0.1659346489896697
257,2.57,0.2918388810403364
258,2.58,0.3386803732753612
259,2.59,0.9399334401943381
260,2.6,0.8927777563177955
261,2.61,0.8913432182360885
262,2.62,0.4325743798649956
263,2.63,0.24197214912150877
264,2.64,0.8503704591758263
265,2.65,0.7331859325786338
266,2.66,0.6505099891533551
267,2.67,0.9885097572683539
268,2.68,0.6885786859396593
269,2.69,0.10704079643694216
270,2.7,0.8353937216039155
271,2.71,0.36944087697998007
272,2.72,0.6970498434694696
273,2.73,0.9450370035343935
274,2.74,0.22086200295403097
275,2.75,0.20388580337719198
276,2.76,0.19633237993847588
277,2.77,0.5979012767963343
278,2.78,0.3451133910833347
279,2.79,0.6443468443272016
280,2.8,0.7458509684249182
281,2.81,0.28323758109470765
282,2.82,0.6708141629965717
283,2.83,0.3375855114673685
284,2.84,0.5396786669344389
285,2.85,0.914802841971391
286,2.86,0.8614933419653699
287,2.87,0.1830686209414601
288,2.88,0.48121819530735377
289,2.89,0.34901220157502655
290,2.9,0.10319112017900407
291,2.91,0.7940073007176643
292,2.92,0.6734020395712417
293,2.93,0.33575973619091337
294,2.94,0.7671078175131377
295,2.95,0.5965123790137522
296,2.96,0.48491822708261145
297,2.97,0.10870272964750598
298,2.98,0.16771947406639034
299,2.99,0.8947957539701287
300,3.0,0.9135357144039038
301,3.01,0.5910312602849701
302,3.02,0.851135517897415
303,3.03,0.6242586098408146
304,3.04,0.23328440701073438
305,3.05,0.2147009673539249
306,3.06,0.3774325149371204
307,3.07,0.909083339868331
308,3.08,0.8165100743992375
309,3.09,0.8746323238008125
310,3.1,0.9090321728738271
311,3.11,0.2890688845057786
312,3.12,0.324576765300632
313,3.13,0.19251425950460707
314,3.14,0.8021046176842984
315,3.15,0.895721231305908
316,3.16,0.4657396508489051
317,3.17,0.6585953591356415
318,3.18,0.2390980044989842
319,3.19,0.936892914124307
320,3.2,0.8781451265979676
321,3.21,0.9785854296378665
322,3.22,0.8296945479463572
323,3.23,0.8932745841969919
324,3.24,0.12230772570836985
325,3.25,0.7629080245795739
326,3.26,0.3989669211517858
327,3.27,0.937734297443493
328,3.28,0.8220116250434251
329,3.29,0.8776576255377515
330,3.3,0.8296743849169501
331,3.31,0.3401251386350248
332,3.32,0.808637058221924
333,3.33,0.1972860637626614
334,3.34,0.8849501046154807
335,3.35,0.8727339262040035
336,3.36,0.300190345791098
337,3.37,0.8349279450372361
338,3.38,0.5142729112110479
339,3.39,0.3746717806047405
340,3.4,0.8158109492375756
341,3.41,0.3048359386669933
342,3.42,0.12129799123130637
343,3.43,0.2738168094949378
344,3.44,0.3954357560779359
345,3.45,0.8779176478272577
346,3.46,0.970200193643525
347,3.47,0.3512124934496843
348,3.48,0.6773335647468649
349,3.49,0.4597105459240548
350,3.5,0.9830347184784342
351,3.51,0.5825941592308497
352,3.52,0.9453134262922441
353,3.53,0.20380757666628485
354,3.54,0.9733605499200052
355,3.55,0.26071103455521727
356,3.56,0.9662808841853999
357,3.57,0.3389197262706718
358,3.58,0.19756229249323998
359,3.59,0.4911073827081799
360,3.6,0.7556905545874338
361,3.61,0.3823095827754921
362,3.62,0.645587967975529
363,3.63,0.5602807537025303
364,3.64,0.44667589001025443
365,3.65,0.6189292391469395
366,3.66,0.32925025552472376
367,3.67,0.7379067554507536
368,3.68,0.10152215039676653
369,3.69,0.9330176489491744
370,3.7,0.5846067973835127
371,3.71,0.747486999230361
372,3.72,0.7677550700555289
373,3.73,0.7035656539896995
374,3.74,0.42779932460313774
375,3.75,0.16297643001367917
376,3.76,0.6978139164201451
377,3.77,0.39718003243833677
378,3.78,0.38252408055252374
379,3.79,0.8632137515557019
380,3.8,0.7477788367125552
381,3.81,0.37029004139013777
382,3.82,0.3783561959877879
383,3.83,0.4675536177572952
384,3.84,0.4621603483519522
385,3.85,0.36608968227335237
386,3.86,0.21455901915323788
387,3.87,0.47840170039561747
388,3.88,0.9463273036571647
389,3.89,0.7095861507454596
390,3.9,0.9125249911593244
391,3.91,0.6539634243562424
392,3.92,0.3708548871090088
393,3.93,0.5931434918221284
394,3.94,0.10036534572755879
395,3.95,0.35822234518203444
396,3.96,0.48689933499085114
397,3.97,0.6219863030761138
398,3.98,0.6892350613327645
399,3.99,0.5184893712223128
400,4.0,0.49794381937432675
401,4.01,0.29233126089019024
402,4.02,0.5258675673183937
403,4.03,0.9110627432454288
404,4.04,0.8164222841141022
405,4.05,0.25272225657824926
406,4.06,0.1763159830526096
407,4.07,0.5639068089236948
408,4.08,0.6696467701892161
409,4.09,0.4016694298688208
410,4.1,0.8365811180829978
411,4.11,0.776024323786659
412,4.12,0.7055161035014503
413,4.13,0.3021765993975595
414,4.14,0.279216939453919
415,4.15,0.12198284895414371
416,4.16,0.32035828967051516
417,4.17,0.5276227097969246
418,4.18,0.8647639251622588
419,4.19,0.1655454062661122
420,4.2,0.4729969098979474
421,4.21,0.6667888426639423
422,4.22,0.2749917130657384
423,4.23,0.7267188254414544
424,4.24,0.5449394521093932
425,4.25,0.319585995620595
426,4.26,0.6904522100006056
427,4.27,0.10499033632422859
428,4.28,0.7758680289566255
429,4.29,0.7930415697166225
430,4.3,0.19592856690718505
431,4.31,0.48263157454846073
432,4.32,0.2582980135358785
433,4.33,0.9621694380515857
434,4.34,0.5661619753993667
435,4.35,0.14519654662657683
436,4.36,0.3242784516939745
437,4.37,0.8635027126164938
438,4.38,0.5108156429231553
439,4.39,0.821274941550038
440,4.4,0.7008199593277178
441,4.41,0.9891032077598032
442,4.42,0.6359070866224777
443,4.43,0.9550356475988403
444,4.44,0.9022833332293932
445,4.45,0.6513870904855865
446,4.46,0.7473465651483704
447,4.47,0.5543003483419617
448,4.48,0.8475122527492736
449,4.49,0.5930847555497456
450,4.5,0.9074872929099359
451,4.51,0.7692898979436265
452,4.52,0.527206993140748
453,4.53,0.33327239361851746
454,4.54,0.3225157637586936
455,4.55,0.6738952930985407
456,4.56,0.7892323158674489
457,4.57,0.5691698315451839
458,4.58,0.6640735932836032
459,4.59,0.34713770222578444
460,4.6,0.16973501847826222
461,4.61,0.3571553357768372
462,4.62,0.34454359637396614
463,4.63,0.38773861157688605
464,4.64,0.5861370002666108
465,4.65,0.22453665536454015
466,4.66,0.3081353317553681
467,4.67,0.7245548310691471
468,4.68,0.735777227525097
469,4.69,0.15780596564249028
470,4.7,0.4668394326999281
471,4.71,0.5883500264535239
472,4.72,0.47419681069284036
473,4.73,0.28615095056296924
474,4.74,0.4781291659960831
475,4.75,0.9143546305061593
476,4.76,0.6256714727838026
477,4.77,0.7259706878481712
478,4.78,0.8710588290735408
479,4.79,0.7890351185062625
480,4.8,0.4423429260349405
481,4.81,0.10530647522559378
482,4.82,0.41658292240464223
483,4.83,0.7781276125534473
484,4.84,0.8681031555121942
485,4.85,0.9580873046230957
486,4.86,0.4771191543668397
487,4.87,0.7727641020802457
488,4.88,0.5915190787604552
489,4.89,0.6429273300471172
490,4.9,0.298484824891437
491,4.91,0.2974794711592925
492,4.92,0.492252378441973
493,4.93,0.12612233795204372
494,4.94,0.40251658932854417
495,4.95,0.7112276965255148
496,4.96,0.4638850022238734
497,4.97,0.24854025808315794
498,4.98,0.5206511343090792
499,4.99,0.21486501755304463
500,5.0,0.6600312648766582
501,5.01,0.12426980671462393
502,5.02,0.45461823070573426
503,5.03,0.6079527847222967
504,5.04,0.1243918417062812
505,5.05,0.6784746832084022
506,5.06,0.22212953850750783
507,5.07,0.5155285996463606
508,5.08,0.1452561701397648
509,5.09,0.4411934777693256
510,5.1,0.2904942557903334
511,5.11,0.3941612243931777
512,5.12,0.7851067371046244
513,5.13,0.44121359400772264
514,5.14,0.7768088411993064
515,5.15,0.8487318566397454
516,5.16,0.32704437860414254
517,5.17,0.17371560948547832
518,5.18,0.11744495834500962
519,5.19,0.5854771431302803
520,5.2,0.9999170456582883
521,5.21,0.4149643093481655
522,5.22,0.6851296839248875
523,5.23,0.8031097446498054
524,5.24,0.6865791897195005
525,5.25,0.7788098836535736
526,5.26,0.9546505594443899
527,5.27,0.2794246141262796
528,5.28,0.11834201558829911
529,5.29,0.23714411120631135
530,5.3,0.21359887738678562
531,5.31,0.7025129601579196
532,5.32,0.6075726237370171
533,5.33,0.29616808681585327
534,5.34,0.7295184741215357
535,5.35,0.7902082885206168
536,5.36,0.25101022903102205
537,5.37,0.6465227445018386
538,5.38,0.7731330867597572
539,5.39,0.20307958424100792
540,5.4,0.8373710568799766
541,5.41,0.9682486957306788
542,5.42,0.19728887469184592
543,5.43,0.12311058294771943
544,5.44,0.38076151995522567
545,5.45,0.709612558165368
546,5.46,0.9623555543853063
547,5.47,0.45698899736496457
548,5.48,0.7435132345445216
549,5.49,0.16839683005875397
550,5.5,0.7215529743396824
551,5.51,0.66451815604094
552,5.52,0.1917111749013789
553,5.53,0.7952327964561016
554,5.54,0.8652639151799166
555,5.55,0.6403704533351597
556,5.56,0.20894955856058361
557,5.57,0.9854599163632042
558,5.58,0.8043718117249177
559,5.59,0.41248338877760415
560,5.6,0.48554021191127006
561,5.61,0.43351378859625056
562,5.62,0.5553647107093701
563,5.63,0.4071080573751549
564,5.64,0.8646180642996196
565,5.65,0.8400978262810522
566,5.66,0.19498498357959873
567,5.67,0.9647088104931207
568,5.68,0.6720265954913013
569,5.69,0.8458365799022124
570,5.7,0.7365777793354692
571,5.71,0.49193843050690933
572,5.72,0.7604157736120527
573,5.73,0.9689263581142699
574,5.74,0.34307415674866076
575,5.75,0.8273792969260804
576,5.76,0.5843556158034302
577,5.77,0.5351477534948765
578,5.78,0.49201704370350485
579,5.79,0.7579235928746101
580,5.8,0.3415559842443028
581,5.81,0.8665418440173986
582,5.82,0.847657917001543
583,5.83,0.17799660825010696
584,5.84,0.8934680656024948
585,5.85,0.3194770952718604
586,5.86,0.5182376199429086
587,5.87,0.6492985338074686
588,5.88,0.4410903737154377
589,5.89,0.12582999799308062
590,5.9,0.8658575526812132
591,5.91,0.2636558714419226
592,5.92,0.29090786516176514
593,5.93,0.8180491211452868
594,5.94,0.40630495884785534
595,5.95,0.8922879817824029
596,5.96,0.7310653752989814
597,5.97,0.34864171818056644
598,5.98,0.10913600299480941
599,5.99,0.953256319999328
600,6.0,0.17705166576221915
601,6.01,0.7480671976937748
602,6.02,0.5397200621639087
603,6.03,0.7823481881342198
604,6.04,0.7215484055018707
605,6.05,0.681312609766857
606,6.06,0.5417392015707275
607,6.07,0.8136395813190856
608,6.08,0.1837480154992045
609,6.09,0.2994367604252771
610,6.1,0.7226084397656817
611,6.11,0.37558542711707954
612,6.12,0.6234000267991304
613,6.13,0.5259344398835722
614,6.14,0.5778297380311911
615,6.15,0.48295343143469327
616,6.16,0.7713418930422486
617,6.17,0.3977121674763372
618,6.18,0.732569447967192
619,6.19,0.3438247842785767
620,6.2,0.3262633085808474
621,6.21,0.20859029627707526
622,6.22,0.27332586410636567
623,6.23,0.20759926712954757
624,6.24,0.5822775688453748
625,6.25,0.7859706485356927
626,6.26,0.26663485819389576
627,6.27,0.29474617589074514
628,6.28,0.5357787284914378
629,6.29,0.7521265009837464
630,6.3,0.9789463205947511
631,6.31,0.572173182197747
632,6.32,0.3546988329474595
633,6.33,0.1904734972817117
634,6.34,0.2747058202819661
635,6.35,0.3047348471342992
636,6.36,0.261497389316863
637,6.37,0.11273353053045745
638,6.38,0.5807215803408969
639,6.39,0.3468801941049406
640,6.4,0.9768654379924641
641,6.41,0.5980230701187474
642,6.42,0.727675653619175
643,6.43,0.213651543662568
644,6.44,0.8816150775366496
645,6.45,0.541790825071401
646,6.46,0.8854477614986811
647,6.47,0.616657797663699
648,6.48,0.5224572504374592
649,6.49,0.49642191832240923
650,6.5,0.26592730335107356
651,6.51,0.14623904546522007
652,6.52,0.9469572370912929
653,6.53,0.5299562685391189
654,6.54,0.8399040807694873
655,6.55,0.4606366980267458
656,6.56,0.16667395323007583
657,6.57,0.6665011362567985
658,6.58,0.14824816686327985
659,6.59,0.23427782602628966
660,6.6,0.6065556373761077
661,6.61,0.3734519606580049
662,6.62,0.9945263104391981
663,6.63,0.20660640599031543
664,6.64,0.7879991007935748
665,6.65,0.6456858861186665
666,6.66,0.8116667468590775
667,6.67,0.3031184233585312
668,6.68,0.570315281617196
669,6.69,0.5054630183998788
670,6.7,0.4984489036173956
671,6.71,0.8741499992435621
672,6.72,0.9910281344201181
673,6.73,0.3748422198874244
674,6.74,0.6589245889649337
675,6.75,0.6486678210206173
676,6.76,0.7660803749360905
677,6.77,0.9528311802928402
678,6.78,0.2870091152411962
679,6.79,0.2899226757748537
680,6.8,0.694385323472833
681,6.81,0.24135138404278944
682,6.82,0.25643219349379104
683,6.83,0.16755838201105114
684,6.84,0.10240815034259716
685,6.85,0.5054533341559322
686,6.86,0.6344300756076069
687,6.87,0.36213336012792485
688,6.88,0.30832861110042326
689,6.89,0.7362602468911299
690,6.9,0.7326888022843454
691,6.91,0.5086281937663389
692,6.92,0.7186464280641185
693,6.93,0.9315199400342938
694,6.94,0.8090452239820582
695,6.95,0.6625522064477997
696,6.96,0.6950647385680311
697,6.97,0.9403016126009619
698,6.98,0.48262506949379047
699,6.99,0.5901061408395208
700,7.0,0.6828712510622327
701,7.01,0.9175703006913455
702,7.02,0.8439680436850536
703,7.03,0.16426885317023274
704,7.04,0.24933051029865222
705,7.05,0.3768506313528093
706,7.06,0.774061949862661
707,7.07,0.6122863443871831
708,7.08,0.3597495294752576
709,7.09,0.21191829235723741
710,7.1,0.7198101920908844
711,7.11,0.7297603164781455
712,7.12,0.9484086166696367
713,7.13,0.550424959406133
714,7.14,0.5444156974105759
715,7.15,0.1723976667093709
716,7.16,0.13587470576525176
717,7.17,0.48882579774469537
718,7.18,0.39008942502247
719,7.19,0.3253311121708035
720,7.2,0.1821941979678867
721,7.21,0.9657199919735531
722,7.22,0.8523627525155631
723,7.23,0.6176791982979374
724,7.24,0.9557076500257171
725,7.25,0.9996151751897062
726,7.26,0.7050534258729153
727,7.27,0.3425599233703485
728,7.28,0.13620850583015456
729,7.29,0.7806419473713014
730,7.3,0.5234507409264703
731,7.31,0.6863585404903177
732,7.32,0.9244655091340908
733,7.33,0.26334023250081334
734,7.34,0.626796662750069
735,7.35,0.6713062475086782
736,7.36,0.542553221971912
737,7.37,0.18211816566444447
738,7.38,0.41316495066518544
739,7.39,0.39997755429858284
740,7.4,0.7031201585690668
741,7.41,0.8719597849603173
742,7.42,0.3968232972210689
743,7.43,0.7243063065850892
744,7.44,0.3593960158253102
745,7.45,0.9506741856068895
746,7.46,0.8322094312641753
747,7.47,0.5950869480746046
748,7.48,0.5093433177415565
749,7.49,0.38306544145315113
750,7.5,0.3909464076483953
751,7.51,0.9731662541277194
752,7.52,0.4637575513006711
753,7.53,0.5631366270961946
754,7.54,0.9893072933035787
755,7.55,0.6918943478348161
756,7.56,0.5883342349214755
757,7.57,0.4719228137193894
758,7.58,0.26882428725507446
759,7.59,0.42560142323650774
760,7.6,0.7807988386500163
761,7.61,0.6628678679305081
762,7.62,0.7839914824549152
763,7.63,0.2832024145152465
764,7.64,0.5942976751767985
765,7.65,0.9349054847600029
766,7.66,0.4943044855651404
767,7.67,0.7284250262099551
768,7.68,0.20928347502635786
769,7.69,0.975832134239525
770,7.7,0.6479845003737684
771,7.71,0.31536771609488534
772,7.72,0.24254034742470917
773,7.73,0.595755106302403
774,7.74,0.5970262681483598
775,7.75,0.1838882811533703
776,7.76,0.9930314254556977
777,7.77,0.9216368906357512
778,7.78,0.5153031047609051
779,7.79,0.2057195341806018
780,7.8,0.8489288563920111
781,7.81,0.5485379542364758
782,7.82,0.7449429933926119
783,7.83,0.5579848135625606
784,7.84,0.3460824070419468
785,7.85,0.8512515510190249
786,7.86,0.9822201693430379
787,7.87,0.31935781546762454
788,7.88,0.5961385691924227
789,7.89,0.445227411922435
790,7.9,0.9296813349384057
791,7.91,0.5574168024336046
792,7.92,0.8913936296318284
793,7.93,0.8776242409857293
794,7.94,0.34862266253983687
795,7.95,0.8110055638028021
796,7.96,0.4734481811962107
797,7.97,0.9408235543142681
798,7.98,0.5569639082286908
799,7.99,0.8384945258670206
800,8.0,0.354555084954544
801,8.01,0.3687002647945905
802,8.02,0.6282439501727449
803,8.03,0.9990120999064048
804,8.04,0.5406763119901309
805,8.05,0.23373587654451022
806,8.06,0.5847225199334863
807,8.07,0.41061154752370677
808,8.08,0.5967256753637299
809,8.09,0.5890870566628057
810,8.1,0.509810155179851
811,8.11,0.38959961520613373
812,8.12,0.2697871363363949
813,8.13,0.7277485848585142
814,8.14,0.614617877786411
815,8.15,0.3102062014521038
816,8.16,0.7979900275893329
817,8.17,0.13928256918757173
818,8.18,0.7702346364086763
819,8.19,0.7347050929225023
820,8.2,0.8302680123083892
821,8.21,0.44747087724188417
822,8.22,0.6973199465360812
823,8.23,0.8386727965385995
824,8.24,0.9827363247938066
825,8.25,0.5457957846547812
826,8.26,0.13331765021101857
827,8.27,0.5520620351196693
828,8.28,0.6311623863786103
829,8.29,0.8827302820259939
830,8.3,0.8867713366488775
831,8.31,0.49627558879360945
832,8.32,0.5733559781268053
833,8.33,0.511235267026818
834,8.34,0.7501994448135784
835,8.35,0.468980757771728
836,8.36,0.6893031937849604
837,8.37,0.23892509689439398
838,8.38,0.5225415408862588
839,8.39,0.9722832675167955
840,8.4,0.40470511064628856
841,8.41,0.7234341387281938
842,8.42,0.6848529873213454
843,8.43,0.8665887631156223
844,8.44,0.8671072029093038
845,8.45,0.8734079657514399
846,8.46,0.44200845777038955
847,8.47,0.3849950385400597
848,8.48,0.7468456827006846
849,8.49,0.7834616284009273
850,8.5,0.8851447156586827
851,8.51,0.13230918985391793
852,8.52,0.1615786724633963
853,8.53,0.6680449151691765
854,8.54,0.928836188902267
855,8.55,0.9976833306605938
856,8.56,0.7720897300641343
857,8.57,0.4905743247308131
858,8.58,0.1885988137448782
859,8.59,0.6703730459027122
860,8.6,0.8853213093463816
861,8.61,0.49931069649553517
862,8.62,0.7246010465139111
863,8.63,0.9130816558454373
864,8.64,0.14139187180949148
865,8.65,0.8165291186459906
866,8.66,0.3640309983686879
867,8.67,0.4373569807977834
868,8.68,0.2310128161294586
869,8.69,0.5780496863338841
870,8.7,0.6093352557243431
871,8.71,0.8132675264928579
872,8.72,0.2529852841612876
873,8.73,0.1710715155939952
874,8.74,0.8837556387803693
875,8.75,0.6577393316836738
876,8.76,0.3167468126706817
877,8.77,0.9215461144211994
878,8.78,0.22880594811565869
879,8.79,0.5150349220194979
880,8.8,0.32857960547218806
881,8.81,0.32979403734323864
882,8.82,0.10845768830938395
883,8.83,0.8241697692776316
884,8.84,0.9110884812389947
885,8.85,0.7098497971291715
886,8.86,0.24217805986460827
887,8.87,0.49755680524343304
888,8.88,0.4110090619987735
889,8.89,0.6288145346137792
890,8.9,0.6750448321240109
891,8.91,0.4818780446148079
892,8.92,0.3250884019669311
893,8.93,0.8607735326283388
894,8.94,0.2792952991980031
895,8.95,0.44622392407061096
896,8.96,0.5348872549532945
897,8.97,0.3134851317348172
898,8.98,0.614730423115665
899,8.99,0.6173307371607806
900,9.0,0.9934228392642078
901,9.01,0.36570767849494246
902,9.02,0.9801500361191764
903,9.03,0.6924068343358126
904,9.04,0.34703234216040496
905,9.05,0.6093361152601291
906,9.06,0.7172195434606109
907,9.07,0.7702019570487927
908,9.08,0.14413982569839995
909,9.09,0.6457658437688271
910,9.1,0.5470545578714833
911,9.11,0.9137397618043528
912,9.12,0.3575747363132751
913,9.13,0.8189741075568389
914,9.14,0.6463584983478393
915,9.15,0.41708886025178493
916,9.16,0.6729560902053027
917,9.17,0.6588020468172737
918,9.18,0.7099880127610235
919,9.19,0.7488355390036381
920,9.2,0.6932633862850783
921,9.21,0.8545034052662649
922,9.22,0.6654232933182085
923,9.23,0.913063333665671
924,9.24,0.6817065480014706
925,9.25,0.37803959555737243
926,9.26,0.4967408711465304
927,9.27,0.6216164248315624
928,9.28,0.7591237911453145
929,9.29,0.18112003817159705
930,9.3,0.3655994064662398
931,9.31,0.7727327784445344
932,9.32,0.258076063399876
933,9.33,0.21894381797210521
934,9.34,0.585466983085979
935,9.35,0.9743406230902059
936,9.36,0.5777671363325065
937,9.37,0.9221382770335272
938,9.38,0.8474253576106576
939,9.39,0.3312730761069361
940,9.4,0.8422208312881665
941,9.41,0.5336630468863671
942,9.42,0.8258396444143898
943,9.43,0.7719034156453405
944,9.44,0.4048437284216977
945,9.45,0.20365273670478345
946,9.46,0.9666039635819899
947,9.47,0.2266813135052944
948,9.48,0.9698501885164769
949,9.49,0.8741265372089396
950,9.5,0.7517950408679663
951,9.51,0.981948018503713
952,9.52,0.9705427725700291
953,9.53,0.8241288796185058
954,9.54,0.4291975444650098
955,9.55,0.8116137717300437
956,9.56,0.11252678959081107
957,9.57,0.5829150774421532
958,9.58,0.5093074249604872
959,9.59,0.7055455436863782
960,9.6,0.7051067176159118
961,9.61,0.6261040824869495
962,9.62,0.8401755711040968
963,9.63,0.9462627026015987
964,9.64,0.19751149197930762
965,9.65,0.31043971199042486
966,9.66,0.1225221846818341
967,9.67,0.895811360693367
968,9.68,0.6052666440248909
969,9.69,0.9237303178688435
970,9.7,0.29923048006659103
971,9.71,0.1568953370441759
972,9.72,0.8414698162514028
973,9.73,0.9184488745851028
974,9.74,0.3719711570763252
975,9.75,0.4674662702158715
976,9.76,0.225799311256499
977,9.77,0.9516353795937517
978,9.78,0.3739281259204047
979,9.79,0.5433621570803853
980,9.8,0.18747279875963946
981,9.81,0.8985333776756521
982,9.82,0.22209764383570288
983,9.83,0.5082793812000034
984,9.84,0.7034375969651541
985,9.85,0.7688261093708544
986,9.86,0.9513766772014889
987,9.87,0.47721407807325056
988,9.88,0.7680421132887842
989,9.89,0.23907061216885153
990,9.9,0.4733960746931263
991,9.91,0.18911947123947564
992,9.92,0.5404123340106531
993,9.93,0.46730429712793053
994,9.94,0.9563693728429535
995,9.95,0.12944465816954223
996,9.96,0.4334769628609919
997,9.97,0.4990447774546315
998,9.98,0.9554996528662842
999,9.99,0.8699051739753592
1000,10.0,0.1894191621455173
1001,10.01,0.7171122389331568
1002,10.02,0.5900192753339305
1003,10.03,0.9800582765068421
1004,10.04,0.4228064570910861
1005,10.05,0.45832567846993577
1006,10.06,0.27082770594497163
1007,10.07,0.20994374717853737
1008,10.08,0.863229869617313
1009,10.09,0.5092456317134655
1010,10.1,0.6964918642557802
1011,10.11,0.6775340205098959
1012,10.12,0.6374313635675906
1013,10.13,0.11922170926273357
1014,10.14,0.808115131409155
1015,10.15,0.3192120074476213
1016,10.16,0.21333149677723862
1017,10.17,0.608120178317167
1018,10.18,0.16174913754192033
1019,10.19,0.788641638299726
1020,10.2,0.2864416333119927
1021,10.21,0.2943562167268073
1022,10.22,0.8827258840925902
1023,10.23,0.39570359808900735
1024,10.24,0.23279876194729934
1025,10.25,0.9104779320685824
1026,10.26,0.10255199633201473
1027,10.27,0.8725655137421587
1028,10.28,0.23021918228845722
1029,10.29,0.21699291829909312
1030,10.3,0.3255887770553115
1031,10.31,0.2570474088112541
1032,10.32,0.6949518783375851
1033,10.33,0.12320213480757852
1034,10.34,0.11337429450763797
1035,10.35,0.8109861978112785
1036,10.36,0.3141384454814168
1037,10.37,0.3913943157658202
1038,10.38,0.2568215812655595
1039,10.39,0.14715911607505888
1040,10.4,0.7675462512587345
1041,10.41,0.5734769739380804
1042,10.42,0.7710987475305962
1043,10.43,0.5286213688809253
1044,10.44,0.8002153353827824
1045,10.45,0.5619141618482725
1046,10.46,0.19814860900346098
1047,10.47,0.5534548208072393
1048,10.48,0.9508740786730956
1049,10.49,0.13902853320925454
1050,10.5,0.8049042963823416
1051,10.51,0.8802828169838545
1052,10.52,0.5693060932417757
1053,10.53,0.5122382698879139
1054,10.54,0.9676235648098258
1055,10.55,0.15474286674505525
1056,10.56,0.531083719898527
1057,10.57,0.4614555290613045
1058,10.58,0.7174877464560094
1059,10.59,0.5412419687298028
1060,10.6,0.9187307462037064
1061,10.61,0.16614164418980545
1062,10.62,0.17271142966971276
1063,10.63,0.647467681270096
1064,10.64,0.15911400998810254
1065,10.65,0.3475143996021579
1066,10.66,0.669769051870914
1067,10.67,0.5935207906435245
1068,10.68,0.3926668989868012
1069,10.69,0.9951649802748312
1070,10.7,0.5775011536881921
1071,10.71,0.5083438758179245
1072,10.72,0.6448841123817816
1073,10.73,0.1892606155111378
1074,10.74,0.7316014766914596
1075,10.75,0.8675134635660176
1076,10.76,0.6858249983931749
1077,10.77,0.7920664570942647
1078,10.78,0.7487559249918393
1079,10.79,0.2935207596947472
1080,10.8,0.5063994243687534
1081,10.81,0.30564421692812593
1082,10.82,0.40503845695165774
1083,10.83,0.5081490126167026
1084,10.84,0.4743906852353458
1085,10.85,0.1855772553480678
1086,10.86,0.4840876056348622
1087,10.87,0.698597076754278
1088,10.88,0.4368709210919832
1089,10.89,0.2373750322918514
1090,10.9,0.930686532160946
1091,10.91,0.160419977322983
1092,10.92,0.848594699627369
1093,10.93,0.18390709153330967
1094,10.94,0.18690798930920705
1095,10.95,0.7649163986398441
1096,10.96,0.8305923567496531
1097,10.97,0.6007336620538151
1098,10.98,0.6278185744655292
1099,10.99,0.6054277725928652
1100,11.0,0.3966813832745846
1101,11.01,0.21000815681910337
1102,11.02,0.41823827167039096
1103,11.03,0.6988064680026239
1104,11.04,0.7752558252263304
1105,11.05,0.8812829339821584
1106,11.06,0.7489546108715345
1107,11.07,0.971558762780327
1108,11.08,0.6403690821022093
1109,11.09,0.4164815671238341
1110,11.1,0.6201266665508693
1111,11.11,0.2914649251048055
1112,11.12,0.6910626726893369
1113,11.13,0.30182038219680907
1114,11.14,0.19739654373453996
1115,11.15,0.8608360767412105
1116,11.16,0.4308049455538152
1117,11.17,0.7863450687431648
1118,11.18,0.6166900038983164
1119,11.19,0.8264992340371099
1120,11.2,0.8606396451955223
1121,11.21,0.9770919419131374
1122,11.22,0.8365841735866026
1123,11.23,0.6522159524819183
1124,11.24,0.6784292474468483
1125,11.25,0.12362844830822506
1126,11.26,0.9361758618954428
1127,11.27,0.8465147109636967
1128,11.28,0.3407029526386996
1129,11.29,0.262374464764769
1130,11.3,0.7324288955790442
1131,11.31,0.37808621994691916
1132,11.32,0.40584219109953257
1133,11.33,0.10549521046329283
1134,11.34,0.8828764358827943
1135,11.35,0.6096889852852386
1136,11.36,0.46070590959956403
1137,11.37,0.2276871887361418
1138,11.38,0.6698548113899624
1139,11.39,0.12759138854281532
1140,11.4,0.771500585805136
1141,11.41,0.29361959203015986
1142,11.42,0.4778492443880529
1143,11.43,0.4068063835923995
1144,11.44,0.4330477832293035
1145,11.45,0.7494363709684059
1146,11.46,0.7991520579700669
1147,11.47,0.6108342009529575
1148,11.48,0.17646133597946137
1149,11.49,0.14734794378296961
1150,11.5,0.24166890739643784
1151,11.51,0.6560543637334275
1152,11.52,0.7065718395518017
1153,11.53,0.34489255919159706
1154,11.54,0.695744823527435
1155,11.55,0.5370955344018966
1156,11.56,0.49783976802800123
1157,11.57,0.3458501599282925
1158,11.58,0.7794488293015336
1159,11.59,0.20243575729918156
1160,11.6,0.4869222700581013
1161,11.61,0.3549218230724044
1162,11.62,0.7106376292841197
1163,11.63,0.5379694780278258
1164,11.64,0.7004193028627146
1165,11.65,0.1408756263439848
1166,11.66,0.4557370564788661
1167,11.67,0.6393924612500054
1168,11.68,0.10691837730989459
1169,11.69,0.37127742581659307
1170,11.7,0.29011058129828105
1171,11.71,0.2235113247315943
1172,11.72,0.3299675536193134
1173,11.73,0.395310120344057
1174,11.74,0.10695691591238075
1175,11.75,0.772312711086791
1176,11.76,0.2581253216882581
1177,11.77,0.4421867011437126
1178,11.78,0.7333041370443972
1179,11.79,0.5502361119005919
1180,11.8,0.8500187821778904
1181,11.81,0.8255801679100875
1182,11.82,0.16486794693294204
1183,11.83,0.8755879258203297
1184,11.84,0.13807203540651225
1185,11.85,0.11686738292708114
1186,11.86,0.9290461910521711
1187,11.87,0.8758990122508598
1188,11.88,0.618183244663148
1189,11.89,0.6160597127972587
1190,11.9,0.7385490654120408
1191,11.91,0.4759245638591325
1192,11.92,0.20365603539741842
1193,11.93,0.11877090312227394
1194,11.94,0.39229136150096244
1195,11.95,0.8211899388794069
1196,11.96,0.6563127369738162
1197,11.97,0.8488233217645365
1198,11.98,0.9277927765672461
1199,11.99,0.17931689316809624
1200,12.0,0.8600359238332272
1201,12.01,0.3189848273404603
1202,12.02,0.6299841594726208
1203,12.03,0.5715662887005685
1204,12.04,0.45619002717339974
1205,12.05,0.37924710565227526
1206,12.06,0.40556195303361753
1207,12.07,0.3997617602438188
1208,12.08,0.25131943724111794
1209,12.09,0.5594349560879335
1210,12.1,0.2026239758546973
1211,12.11,0.5589568560906748
1212,12.12,0.9153304584220454
1213,12.13,0.41443773892514224
1214,12.14,0.7546411951065138
1215,12.15,0.8370537413723668
1216,12.16,0.8335333051750127
1217,12.17,0.31264196405205186
1218,12.18,0.23179979644992496
1219,12.19,0.27754462254158496
1220,12.2,0.6421590867458492
1221,12.21,0.7841937659922028
1222,12.22,0.6899581094668652
1223,12.23,0.25943151605250625
1224,12.24,0.7955632803228042
1225,12.25,0.5447053225156497
1226,12.26,0.7790012427222872
1227,12.27,0.7838894346469736
1228,12.28,0.5040147312955567
1229,12.29,0.9317388325470934
1230,12.3,0.6080426050625193
1231,12.31,0.6717684871545341
1232,12.32,0.6620696014977053
1233,12.33,0.8778221873482746
1234,12.34,0.6644956662097946
1235,12.35,0.23586166125376923
1236,12.36,0.1614576326461805
1237,12.37,0.4979872574526564
1238,12.38,0.3725383916251116
1239,12.39,0.34720630073754327
1240,12.4,0.15055490819177025
1241,12.41,0.5566031967608004
1242,12.42,0.3793670655456799
1243,12.43,0.506722477330614
1244,12.44,0.15120104575055715
1245,12.45,0.8485269684968093
1246,12.46,0.16905790105610952
1247,12.47,0.8778250305327152
1248,12.48,0.8697640343104812
1249,12.49,0.6535075495740162
1250,12.5,0.5563610356005596
1251,12.51,0.5164404930345451
1252,12.52,0.5988847342044735
1253,12.53,0.8126360175388226
1254,12.54,0.9062890890011224
1255,12.55,0.5047603332858156
1256,12.56,0.828834325928174
1257,12.57,0.6866537091837489
1258,12.58,0.3893740865923856
1259,12.59,0.5280661251487626
1260,12.6,0.2357749690260747
1261,12.61,0.15568633009099064
1262,12.62,0.19315168954335246
1263,12.63,0.9092141505601962
1264,12.64,0.4090939982544409
1265,12.65,0.7428839942507164
1266,12.66,0.5540941013508617
1267,12.67,0.25530302029272844
1268,12.68,0.3229693512384558
1269,12.69,0.4939824468783097
1270,12.7,0.49547961258636186
1271,12.71,0.570473231738991
1272,12.72,0.24287158718338725
1273,12.73,0.4355667838911944
1274,12.74,0.35460422075297615
1275,12.75,0.46789245752258835
1276,12.76,0.4045304321572776
1277,12.77,0.6380972761446905
1278,12.78,0.8103042384072983
1279,12.79,0.6825748212723762
1280,12.8,0.15932066885174573
1281,12.81,0.18505535276358492
1282,12.82,0.7105414103560729
1283,12.83,0.35573227649030237
1284,12.84,0.7513602895022156
1285,12.85,0.6909076777694301
1286,12.86,0.9157084274473095
1287,12.87,0.885951695854485
1288,12.88,0.40002583245450096
1289,12.89,0.6244655631277777
1290,12.9,0.22728554252588606
1291,12.91,0.4148387087822598
1292,12.92,0.9709268569234701
1293,12.93,0.7286319665306928
1294,12.94,0.45276218590182427
1295,12.95,0.6355371053364173
1296,12.96,0.9442019796091847
1297,12.97,0.37862369867436485
1298,12.98,0.43901137545067015
1299,12.99,0.8124957620771892
1300,13.0,0.8318663054333209
1301,13.01,0.7031047599952502
1302,13.02,0.846063075605018
1303,13.03,0.7648972049165345
1304,13.04,0.7168729962498186
1305,13.05,0.5737540057607566
1306,13.06,0.6814223386601391
1307,13.07,0.48106572968989336
1308,13.08,0.4256452867121061
1309,13.09,0.4263379020838399
1310,13.1,0.2622366305891602
1311,13.11,0.2927733950880103
1312,13.12,0.9529014407809122
1313,13.13,0.5376438287854546
1314,13.14,0.3038887418804985
1315,13.15,0.22380881785937137
1316,13.16,0.1694485758707887
1317,13.17,0.859985549817295
1318,13.18,0.19102668730110473
1319,13.19,0.7937872483267909
1320,13.2,0.8516078439711003
1321,13.21,0.8953139489433054
1322,13.22,0.13397274312180513
1323,13.23,0.40308793476785343
1324,13.24,0.7896768440025174
1325,13.25,0.2179441372865572
1326,13.26,0.43904788374027226
1327,13.27,0.24602249087960545
1328,13.28,0.8482105510202129
1329,13.29,0.7939880323578895
1330,13.3,0.828139347675371
1331,13.31,0.24898524916965284
1332,13.32,0.49390606462451203
1333,13.33,0.46977275034688015
1334,13.34,0.7087266299696796
1335,13.35,0.31377718130223253
1336,13.36,0.49977883882474805
1337,13.37,0.3564351393070224
1338,13.38,0.7736828662858927
1339,13.39,0.5040351667300064
1340,13.4,0.5806100347284351
1341,13.41,0.37852110690651064
1342,13.42,0.8277614839817077
1343,13.43,0.5221140445290274
1344,13.44,0.8516020534531367
1345,13.45,0.4310568624025296
1346,13.46,0.9524171532197107
1347,13.47,0.9859958141784195
1348,13.48,0.5155119805968903
1349,13.49,0.3535945594333979
1350,13.5,0.4436851907716395
1351,13.51,0.5747138096153345
1352,13.52,0.9696413378853526
1353,13.53,0.8352021156231161
1354,13.54,0.8211333017363929
1355,13.55,0.22455868114308808
1356,13.56,0.3250028904301064
1357,13.57,0.6770611325840025
1358,13.58,0.8867052505470133
1359,13.59,0.5990866708819881
1360,13.6,0.1923307585735684
1361,13.61,0.8613030490600946
1362,13.62,0.866049443276301
1363,13.63,0.3565567126533956
1364,13.64,0.7868051472625218
1365,13.65,0.345512169632221
1366,13.66,0.914775588080417
1367,13.67,0.23261379039244387
1368,13.68,0.49372530417548277
1369,13.69,0.9517719367105846
1370,13.7,0.29983420621628254
1371,13.71,0.506015191198638
1372,13.72,0.414626570324784
1373,13.73,0.12400317172264469
1374,13.74,0.14793119845396702
1375,13.75,0.551806403223912
1376,13.76,0.31220026647708937
1377,13.77,0.9950728161144621
1378,13.78,0.4374214060759908
1379,13.79,0.12536879097533507
1380,13.8,0.9377433142749577
1381,13.81,0.855258658850445
1382,13.82,0.6849646158647634
1383,13.83,0.8122425737339584
1384,13.84,0.22383962895328452
1385,13.85,0.3581914575819414
1386,13.86,0.8467854248375403
1387,13.87,0.7264647897183852
1388,13.88,0.2249134226363676
1389,13.89,0.7349825577601724
1390,13.9,0.5037413265840219
1391,13.91,0.10472607847505615
1392,13.92,0.17130319414364914
1393,13.93,0.3303315355933403
1394,13.94,0.8514667893541429
1395,13.95,0.593923820899452
1396,13.96,0.7545113067924386
1397,13.97,0.5749943552980519
1398,13.98,0.20006817429181456
1399,13.99,0.35929142023530747
1400,14.0,0.37103607512759795
1401,14.01,0.14297450195696615
1402,14.02,0.47784298937809877
1403,14.03,0.8145091977754944
1404,14.04,0.5114022549728038
1405,14.05,0.1997721057610135
1406,14.06,0.9146321970957987
1407,14.07,0.6370651385370523
1408,14.08,0.114791816985305
1409,14.09,0.5638381571884655
1410,14.1,0.317744320978894
1411,14.11,0.22921915622163405
1412,14.12,0.4863150037930004
1413,14.13,0.6533286244983556
1414,14.14,0.3165078149258892
1415,14.15,0.4749108356876859
1416,14.16,0.6979341715678081
1417,14.17,0.1770525594885356
1418,14.18,0.9771890418569995
1419,14.19,0.16091139061796145
1420,14.2,0.5734535007899535
1421,14.21,0.556594926921808
1422,14.22,0.9894983370368207
1423,14.23,0.598736757176376
1424,14.24,0.45140835930405776
1425,14.25,0.5231215703426374
1426,14.26,0.672103712321767
1427,14.27,0.9829354802964042
1428,14.28,0.32828523496229145
1429,14.29,0.11461800799805287
1430,14.3,0.8096680146515638
1431,14.31,0.4103222438470522
1432,14.32,0.7596469193055775
1433,14.33,0.6654312662280908
1434,14.34,0.7943512366988732
1435,14.35,0.7616682863310801
1436,14.36,0.3992667475347864
1437,14.37,0.13990211946568737
1438,14.38,0.5914123706869224
1439,14.39,0.8321579790004793
1440,14.4,0.2575802143465376
1441,14.41,0.8012283341304534
1442,14.42,0.518160609772334
1443,14.43,0.7258503267964576
1444,14.44,0.668562262982504
1445,14.45,0.8303479136628458
1446,14.46,0.15679048332900217
1447,14.47,0.7985713597330796
1448,14.48,0.5119116197026179
1449,14.49,0.3640983140575281
1450,14.5,0.13942564809321079
1451,14.51,0.2795228503436695
1452,14.52,0.1377153477373438
1453,14.53,0.9400338819553575
1454,14.54,0.5638452303290489
1455,14.55,0.990210432066511
1456,14.56,0.5887276278887673
1457,14.57,0.32798238868235563
1458,14.58,0.7779618269369784
1459,14.59,0.27199308766051983
1460,14.6,0.4212767584318271
1461,14.61,0.8027574102805825
1462,14.62,0.8792184493702518
1463,14.63,0.3987322177432101
1464,14.64,0.21202750741994508
1465,14.65,0.4312172568832058
1466,14.66,0.9005378653110533
1467,14.67,0.7689769349676591
1468,14.68,0.905173745459548
1469,14.69,0.4479802914346229
1470,14.7,0.9763512258837781
1471,14.71,0.5465829038833204
1472,14.72,0.5477710532442646
1473,14.73,0.9318794199642673
1474,14.74,0.5673482681814478
1475,14.75,0.8210332786615964
1476,14.76,0.7543731919083722
1477,14.77,0.1710343054499211
1478,14.78,0.6422079689472046
1479,14.79,0.840107151585898
1480,14.8,0.5909269576101733
1481,14.81,0.3890902853931346
1482,14.82,0.17206201996749573
1483,14.83,0.694827299312323
1484,14.84,0.3758462704816773
1485,14.85,0.6423594649575398
1486,14.86,0.4835044655947409
1487,14.87,0.7207883276009376
1488,14.88,0.4163922853947929
1489,14.89,0.13811964656511658
1490,14.9,0.8830334575507529
1491,14.91,0.41730337927763406
1492,14.92,0.9983355379957441
1493,14.93,0.34709982406737183
1494,14.94,0.9820245512748512
1495,14.95,0.9531139407427777
1496,14.96,0.16753704848934337
1497,14.97,0.6737612840949685
1498,14.98,0.4269800175858841
1499,14.99,0.820986378005953
1500,15.0,0.7114695470332209
1501,15.01,0.957510456651647
1502,15.02,0.22850152152629477
1503,15.03,0.6468156129887698
1504,15.04,0.8031807727691198
1505,15.05,0.13131906921868783
1506,15.06,0.16051002675589793
1507,15.07,0.8006638361561789
1508,15.08,0.4296956257964337
1509,15.09,0.4445689615199
1510,15.1,0.6105201775517075
1511,15.11,0.6445853459693069
1512,15.12,0.7111558512220555
1513,15.13,0.9539411763390008
1514,15.14,0.43481204062361534
1515,15.15,0.7867760246187215
1516,15.16,0.6165296005005061
1517,15.17,0.5765138933826607
1518,15.18,0.4582306413572049
1519,15.19,0.6846046630354283
1520,15.2,0.32465048778405814
1521,15.21,0.20210375132651626
1522,15.22,0.7621073735314849
1523,15.23,0.5491395642308201
1524,15.24,0.44828864203533714
1525,15.25,0.6055054396836824
1526,15.26,0.3355990089287463
1527,15.27,0.334260794025913
1528,15.28,0.5016458011650545
1529,15.29,0.9967286009392847
1530,15.3,0.35701918992834225
1531,15.31,0.9248310185876932
1532,15.32,0.5420801757288017
1533,15.33,0.2103736797135738
1534,15.34,0.8675436613458904
1535,15.35,0.5068384167208576
1536,15.36,0.9088111277076073
1537,15.37,0.5006000734682096
1538,15.38,0.17901166699425797
1539,15.39,0.7137363342255735
1540,15.4,0.8609690970772295
1541,15.41,0.38762899488997316
1542,15.42,0.41268276526470815
1543,15.43,0.15844517048446405
1544,15.44,0.5879542251030061
1545,15.45,0.9021985141185
1546,15.46,0.8662258456778132
1547,15.47,0.7406281936064913
1548,15.48,0.93459201105086
1549,15.49,0.6739300203076146
1550,15.5,0.8143267454605024
1551,15.51,0.5578801706568707
1552,15.52,0.20922620957061122
1553,15.53,0.2808823340599172
1554,15.54,0.22498918483452918
1555,15.55,0.8113357547269743
1556,15.56,0.12365562412743913
1557,15.57,0.5986192935336356
1558,15.58,0.4320200489510987
1559,15.59,0.8232955536597278
1560,15.6,0.5964822405337847
1561,15.61,0.6507535263584688
1562,15.62,0.17759393348673946
1563,15.63,0.37836164577561593
1564,15.64,0.9996355395409482
1565,15.65,0.7469826939016475
1566,15.66,0.5731260893472702
1567,15.67,0.7922480953372282
1568,15.68,0.8410054595575516
1569,15.69,0.16637564162011514
1570,15.7,0.9751417583623893
1571,15.71,0.6781047304477432
1572,15.72,0.5049770460966965
1573,15.73,0.7120980915846229
1574,15.74,0.41006330263242974
1575,15.75,0.8901641364853705
1576,15.76,0.8022366359544776
1577,15.77,0.6758145364299967
1578,15.78,0.26376682289692366
1579,15.79,0.9696381525406961
1580,15.8,0.48935645783377735
1581,15.81,0.9196410438521986
1582,15.82,0.14987156501599938
1583,15.83,0.21174500857511097
1584,15.84,0.23771392012918058
1585,15.85,0.24819137190111173
1586,15.86,0.39039467603910005
1587,15.87,0.7383989192763213
1588,15.88,0.41142077410768574
1589,15.89,0.9468136494383812
1590,15.9,0.905433325139012
1591,15.91,0.861340335540279
1592,15.92,0.32554477808379917
1593,15.93,0.6715513822489713
1594,15.94,0.5957572739348257
1595,15.95,0.21265326561421244
1596,15.96,0.3725421454979885
1597,15.97,0.5801302267915425
1598,15.98,0.5523158302671365
1599,15.99,0.2517723115729361
1600,16.0,0.9474462890817362
1601,16.01,0.23877484019160686
1602,16.02,0.6928595860453789
1603,16.03,0.7485694915935457
1604,16.04,0.6446250170756699
1605,16.05,0.8582770037020501
1606,16.06,0.6072562309881662
1607,16.07,0.8427126405939688
1608,16.08,0.12553613910898986
1609,16.09,0.14091562296220778
1610,16.1,0.6773083604419241
1611,16.11,0.6190941083296412
1612,16.12,0.6860169797370399
1613,16.13,0.79026310082468
1614,16.14,0.47492810529692164
1615,16.15,0.6750920729879835
1616,16.16,0.5482342541225045
1617,16.17,0.6644476092682758
1618,16.18,0.3607044911214452
1619,16.19,0.9609851529589645
1620,16.2,0.5346503363578775
1621,16.21,0.8242193387941598
1622,16.22,0.716491757076109
1623,16.23,0.3676904842867681
1624,16.24,0.1656757229548112
1625,16.25,0.1539217296412021
1626,16.26,0.49564494992836994
1627,16.27,0.5358260170966233
1628,16.28,0.28362071220705887
1629,16.29,0.6459942365385727
1630,16.3,0.38132424932223974
1631,16.31,0.7465265966011938
1632,16.32,0.7607797793240921
1633,16.33,0.8746996291788928
1634,16.34,0.9778367151233922
1635,16.35,0.21768953639714783
1636,16.36,0.43348617824526214
1637,16.37,0.6054860941735323
1638,16.38,0.3872042977628415
1639,16.39,0.5198253103365729
1640,16.4,0.34072450700876417
1641,16.41,0.3231269942729911
1642,16.42,0.18713048730451431
1643,16.43,0.3611908044729114
1644,16.44,0.4457348501514454
1645,16.45,0.6538396997475718
1646,16.46,0.3234432523430679
1647,16.47,0.8787767515486459
1648,16.48,0.24372969591714488
1649,16.49,0.3946922387210755
1650,16.5,0.6199183341042368
1651,16.51,0.38144342877604576
1652,16.52,0.7868092376247657
1653,16.53,0.548438987853918
1654,16.54,0.5632523553083361
1655,16.55,0.5488837375578888
1656,16.56,0.37768643384898637
1657,16.57,0.12085866839471593
1658,16.58,0.9507095236623135
1659,16.59,0.5549000167213944
1660,16.6,0.9700179674972278
1661,16.61,0.293629980273617
1662,16.62,0.4176055799707198
1663,16.63,0.14548636416510272
1664,16.64,0.5454047831726587
1665,16.65,0.8941055287313809
1666,16.66,0.6888340332006554
1667,16.67,0.5235281680313761
1668,16.68,0.5830216743600344
1669,16.69,0.862455128854121
1670,16.7,0.4878349924127865
1671,16.71,0.8942101578267335
1672,16.72,0.7547572570234526
1673,16.73,0.7874710877457906
1674,16.74,0.4293436172658067
1675,16.75,0.46052345891328095
1676,16.76,0.6132534794929264
1677,16.77,0.2751897716989472
1678,16.78,0.5979006339590366
1679,16.79,0.16617857476855763
1680,16.8,0.5538299762108843
1681,16.81,0.7879637032365157
1682,16.82,0.35174860986158385
1683,16.83,0.9901816305586503
1684,16.84,0.7123587761069746
1685,16.85,0.2069299177512306
1686,16.86,0.9775745338724057
1687,16.87,0.4545133414557464
1688,16.88,0.8154075055428512
1689,16.89,0.4051767699573088
1690,16.9,0.9450537102598379
1691,16.91,0.7794686550635145
1692,16.92,0.279152093397205
1693,16.93,0.5582102646026639
1694,16.94,0.5500701132135795
1695,16.95,0.14077301722036728
1696,16.96,0.22333273621076838
1697,16.97,0.39973663481749044
1698,16.98,0.526369735355671
1699,16.99,0.5112897033545866
1700,17.0,0.6456344701634237
1701,17.01,0.5639551589325286
1702,17.02,0.3951692628728737
1703,17.03,0.6517613089582102
1704,17.04,0.24625184128924546
1705,17.05,0.991554163805026
1706,17.06,0.7653874245162438
1707,17.07,0.3693109082754864
1708,17.08,0.4027361069365105
1709,17.09,0.8454604473616383
1710,17.1,0.5791058468882887
1711,17.11,0.7378658257918941
1712,17.12,0.3698115082636724
1713,17.13,0.8341739499194417
1714,17.14,0.43152202887919267
1715,17.15,0.7064257532257149
1716,17.16,0.9819082280612457
1717,17.17,0.6253319276639077
1718,17.18,0.8170793325371324
1719,17.19,0.7527917912966697
1720,17.2,0.7192392860824945
1721,17.21,0.12398243946744987
1722,17.22,0.5271311926765545
1723,17.23,0.9703636265548458
1724,17.24,0.8046135922882792
1725,17.25,0.7985458226548648
1726,17.26,0.6198709562777646
1727,17.27,0.7492601010666761
1728,17.28,0.625170949342876
1729,17.29,0.2534608555719934
1730,17.3,0.6661227170308273
1731,17.31,0.6577622249509805
1732,17.32,0.8570504124624378
1733,17.33,0.23299813747029866
1734,17.34,0.712654205545611
1735,17.35,0.12841346200788945
1736,17.36,0.9533846537058712
1737,17.37,0.19890596920032716
1738,17.38,0.11704363075595131
1739,17.39,0.38232323510126975
1740,17.4,0.23628813230741091
1741,17.41,0.7214502348266729
1742,17.42,0.4693396683904346
1743,17.43,0.7974750716263819
1744,17.44,0.9284688549074896
1745,17.45,0.8855359380210883
1746,17.46,0.7622535441418132
1747,17.47,0.15605315741298875
1748,17.48,0.2242742372066892
1749,17.49,0.28660753447412024
1750,17.5,0.39254458098344935
1751,17.51,0.6960041197429141
1752,17.52,0.5729294362600319
1753,17.53,0.38237733886403547
1754,17.54,0.25586418147159495
1755,17.55,0.9209117448316093
1756,17.56,0.4080943159136615
1757,17.57,0.41885828978033157
1758,17.58,0.7947908057338666
1759,17.59,0.7488321051945633
1760,17.6,0.6789781899995153
1761,17.61,0.7239819790268388
1762,17.62,0.6490689220708764
1763,17.63,0.27303775222304205
1764,17.64,0.32186722197462436
1765,17.65,0.6022779857266637
1766,17.66,0.30238033419353505
1767,17.67,0.9756195648315121
1768,17.68,0.36785310874921706
1769,17.69,0.36010372366317245
1770,17.7,0.28655001536917624
1771,17.71,0.734489433766177
1772,17.72,0.38533667051660325
1773,17.73,0.4139228567811759
1774,17.74,0.9403303372937205
1775,17.75,0.8158648204021002
1776,17.76,0.3461117830798808
1777,17.77,0.20968669515944355
1778,17.78,0.7089600212042911
1779,17.79,0.4417247668369443
1780,17.8,0.982144483589226
1781,17.81,0.836539714117506
1782,17.82,0.9591479770523152
1783,17.83,0.8241542505609133
1784,17.84,0.36140738679364204
1785,17.85,0.358867307452726
1786,17.86,0.7427271587485558
1787,17.87,0.4117271626860549
1788,17.88,0.49813850067835186
1789,17.89,0.3307995779261339
1790,17.9,0.5311713367148349
1791,17.91,0.2818612064805368
1792,17.92,0.5847201313377876
1793,17.93,0.9397215404049769
1794,17.94,0.7265541705821403
1795,17.95,0.22354565932083065
1796,17.96,0.654109330973043
1797,17.97,0.6281474487137336
1798,17.98,0.3182122345692581
1799,17.99,0.7028505684037936
1800,18.0,0.5779373407595193
1801,18.01,0.6741501160677739
1802,18.02,0.14724199615551653
1803,18.03,0.4719712294434327
1804,18.04,0.7456222506252193
1805,18.05,0.1904904142996131
1806,18.06,0.7936894522884512
1807,18.07,0.10466330176641703
1808,18.08,0.595317309201655
1809,18.09,0.93618971215298
1810,18.1,0.46621670639219515
1811,18.11,0.9415288887365364
1812,18.12,0.8905596593628055
1813,18.13,0.5297036683968068
1814,18.14,0.2795103772008415
1815,18.15,0.9675226350018422
1816,18.16,0.38905093190725004
1817,18.17,0.6813081261012428
1818,18.18,0.9171432628620602
1819,18.19,0.1805146484603647
1820,18.2,0.6167200178578359
1821,18.21,0.5816370492042442
1822,18.22,0.750805910418181
1823,18.23,0.9430024417755635
1824,18.24,0.9219067531028673
1825,18.25,0.2575582979328668
1826,18.26,0.8940204758483499
1827,18.27,0.25820983678497633
1828,18.28,0.9276713306658406
1829,18.29,0.9974546227796589
1830,18.3,0.45729511685046975
1831,18.31,0.5458455075895821
1832,18.32,0.9429478702999865
1833,18.33,0.9659182420750082
1834,18.34,0.9334357281067988
1835,18.35,0.8890688511261311
1836,18.36,0.10834045163208982
1837,18.37,0.6111656817980459
1838,18.38,0.1965706216961842
1839,18.39,0.9846944995339058
1840,18.4,0.35610548711504164
1841,18.41,0.990189523079851
1842,18.42,0.5889704352012775
1843,18.43,0.5445211783076372
1844,18.44,0.9447044515667851
1845,18.45,0.865953764720197
1846,18.46,0.5212186921056611
1847,18.47,0.2735302584464288
1848,18.48,0.20138208491813903
1849,18.49,0.2462448362857648
1850,18.5,0.513023023929125
1851,18.51,0.3315383922065672
1852,18.52,0.26757916221526096
1853,18.53,0.7629561059430313
1854,18.54,0.8116908979827301
1855,18.55,0.6110031001788454
1856,18.56,0.7815544752318051
1857,18.57,0.25794542245461827
1858,18.58,0.870531853846112
1859,18.59,0.9073384856055776
1860,18.6,0.8442908427486786
1861,18.61,0.5637525930638163
1862,18.62,0.17806399286352032
1863,18.63,0.7023302680689588
1864,18.64,0.266303080942606
1865,18.65,0.22655068807086862
1866,18.66,0.39124150307657457
1867,18.67,0.32324237530043054
1868,18.68,0.3347067493588995
1869,18.69,0.3119691275213805
1870,18.7,0.7783809866033113
1871,18.71,0.9586313403894213
1872,18.72,0.37175125572245327
1873,18.73,0.7505942755608976
1874,18.74,0.1102921607747512
1875,18.75,0.6883150303631789
1876,18.76,0.723491731380465
1877,18.77,0.15591189862048252
1878,18.78,0.20640236302357534
1879,18.79,0.3761257078032578
1880,18.8,0.46487495167155757
1881,18.81,0.5522684241145507
1882,18.82,0.9056065328346288
1883,18.83,0.7332013315920304
1884,18.84,0.3798801535461943
1885,18.85,0.2056741712602987
1886,18.86,0.9245173472655718
1887,18.87,0.3655338401406222
1888,18.88,0.6531629033294641
1889,18.89,0.2972157408418096
1890,18.9,0.2202119039771237
1891,18.91,0.2378670082202613
1892,18.92,0.7729613534357709
1893,18.93,0.6451650532801624
1894,18.94,0.47426105388810225
1895,18.95,0.5943110579365283
1896,18.96,0.5237452691913803
1897,18.97,0.5837659189238807
1898,18.98,0.6976849954056974
1899,18.99,0.29657046039159335
1900,19.0,0.32271888637771995
1901,19.01,0.7792655947523788
1902,19.02,0.88582155263896
1903,19.03,0.1736832758259474
1904,19.04,0.502073179746835
1905,19.05,0.7333895126402853
1906,19.06,0.17029244993269615
1907,19.07,0.6077518500461273
1908,19.08,0.15558224280101543
1909,19.09,0.5928843238398384
1910,19.1,0.5549383504833363
1911,19.11,0.6154315068050782
1912,19.12,0.23486714324417288
1913,19.13,0.3953058739679859
1914,19.14,0.5683073870663083
1915,19.15,0.20461601996619783
1916,19.16,0.2848613369854254
1917,19.17,0.6248329105969158
1918,19.18,0.18184748000651907
1919,19.19,0.5593378186295511
1920,19.2,0.8278228748595134
1921,19.21,0.5080890701618038
1922,19.22,0.5619230588814774
1923,19.23,0.5111186281406884
1924,19.24,0.1519631028392723
1925,19.25,0.5161404751650314
1926,19.26,0.8262238172989532
1927,19.27,0.7509520718425021
1928,19.28,0.4563538389579318
1929,19.29,0.8348079033398175
1930,19.3,0.7712240345486341
1931,19.31,0.6204801385531319
1932,19.32,0.14076082245504593
1933,19.33,0.41007597990592115
1934,19.34,0.15738392090087489
1935,19.35,0.9947112944292281
1936,19.36,0.9411245189964518
1937,19.37,0.16211723154428243
1938,19.38,0.9403980063264376
1939,19.39,0.12856138392077113
1940,19.4,0.4679802422373235
1941,19.41,0.7920748563251344
1942,19.42,0.7892449146313405
1943,19.43,0.9804999564316909
1944,19.44,0.6812927362874471
1945,19.45,0.4783257449940951
1946,19.46,0.993570938722791
1947,19.47,0.4442316569662349
1948,19.48,0.8826582567796376
1949,19.49,0.9160905803721153
1950,19.5,0.4380809804217889
1951,19.51,0.7144573186913872
1952,19.52,0.6956132843129214
1953,19.53,0.5853702375269743
1954,19.54,0.6881806885768318
1955,19.55,0.41299289842523523
1956,19.56,0.26062626610370054
1957,19.57,0.5835326377582011
1958,19.58,0.5759582855896084
1959,19.59,0.7550723268155153
1960,19.6,0.3004211943696399
1961,19.61,0.10312596545041701
1962,19.62,0.12046179458976994
1963,19.63,0.36852668983268366
1964,19.64,0.7061498719989103
1965,19.65,0.5900008051225187
1966,19.66,0.5787402476470829
1967,19.67,0.8410243936382059
1968,19.68,0.322760834653398
1969,19.69,0.41154376148886407
1970,19.7,0.3480847550156146
1971,19.71,0.9436693250215601
1972,19.72,0.7525215513180266
1973,19.73,0.20156017488982958
1974,19.74,0.828530365185275
1975,19.75,0.47731653864257695
1976,19.76,0.789448120762513
1977,19.77,0.8953809596608371
1978,19.78,0.11408121672719462
1979,19.79,0.2854734596651928
1980,19.8,0.19080704178325633
1981,19.81,0.13021864817885273
1982,19.82,0.6380064070583974
1983,19.83,0.7329576401784358
1984,19.84,0.1438086891193742
1985,19.85,0.7664869706318754
1986,19.86,0.46203881572981564
1987,19.87,0.3109053506388055
1988,19.88,0.2955422891597981
1989,19.89,0.8773572184030507
1990,19.9,0.15079963152201487
1991,19.91,0.5535062640468411
1992,19.92,0.360337106218527
1993,19.93,0.8342076310869851
1994,19.94,0.7583657348044165
1995,19.95,0.38701332673227284
1996,19.96,0.6381259068495362
1997,19.97,0.7052787112932223
1998,19.98,0.38859860385368483
1999,19.99,0.37158799162978295
2000,20.0,0.22893439074699581
2001,20.01,0.6941911814296688
2002,20.02,0.2989384664014293
2003,20.03,0.3704508583816777
2004,20.04,0.15486187339608595
2005,20.05,0.9536682295240492
2006,20.06,0.8917425018674947
2007,20.07,0.92041989905849
2008,20.08,0.663393823883497
2009,20.09,0.4844805240650891
2010,20.1,0.5460587087437189
2011,20.11,0.9750612118093173
2012,20.12,0.9474277688487206
2013,20.13,0.7042082722711501
2014,20.14,0.8072241363824662
2015,20.15,0.386861011584681
2016,20.16,0.4746921700793002
2017,20.17,0.23429584704264733
2018,20.18,0.43881416965641884
2019,20.19,0.7789744875143128
2020,20.2,0.5261669383709979
2021,20.21,0.8644068390340365
2022,20.22,0.370662776915633
2023,20.23,0.736819117739175
2024,20.24,0.8251985439413982
2025,20.25,0.923267056434315
2026,20.26,0.6061473546282182
2027,20.27,0.971007569691964
2028,20.28,0.6015580823793458
2029,20.29,0.22068347595317023
2030,20.3,0.31857266448062715
2031,20.31,0.28300305975404894
2032,20.32,0.6820352663931503
2033,20.33,0.9300034940601001
2034,20.34,0.8624200473276507
2035,20.35,0.1832175968741773
2036,20.36,0.7521262410764817
2037,20.37,0.2714334565876645
2038,20.38,0.34161542906948306
2039,20.39,0.7063047285711206
2040,20.4,0.6426298404901682
2041,20.41,0.8862584126405857
2042,20.42,0.2693469645394798
2043,20.43,0.785526775783489
2044,20.44,0.7518747158669342
2045,20.45,0.6029654286452746
2046,20.46,0.5314547858238233
2047,20.47,0.8825264663720841
2048,20.48,0.3996678797369392
2049,20.49,0.9613177844740058
2050,20.5,0.11380033560564357
2051,20.51,0.9434437868820229
2052,20.52,0.9658698005030131
2053,20.53,0.20558457949900105
2054,20.54,0.9996148063160305
2055,20.55,0.5310287887081292
2056,20.56,0.3183338636611674
2057,20.57,0.643961380670903
2058,20.58,0.2840618286801043
2059,20.59,0.9236138136342008
2060,20.6,0.596871363293033
2061,20.61,0.7979624938573933
2062,20.62,0.4425955699356303
2063,20.63,0.5802851146746367
2064,20.64,0.4233335999964182
2065,20.65,0.33540546464681736
2066,20.66,0.5615348860213962
2067,20.67,0.547549563790885
2068,20.68,0.18874740840893206
2069,20.69,0.9831866111619191
2070,20.7,0.5225413798203026
2071,20.71,0.8557580634073164
2072,20.72,0.9228974490077402
2073,20.73,0.43363442928813256
2074,20.74,0.4725371535207621
2075,20.75,0.6062722547179189
2076,20.76,0.29914668848460274
2077,20.77,0.23133044179229373
2078,20.78,0.3346966989187926
2079,20.79,0.9412824252667181
2080,20.8,0.6212286334336604
2081,20.81,0.4758202661996562
2082,20.82,0.23717026916572898
2083,20.83,0.39687875738007394
2084,20.84,0.4418557972670387
2085,20.85,0.8500264437582866
2086,20.86,0.5493713341323903
2087,20.87,0.6891471695089197
2088,20.88,0.7163619511113155
2089,20.89,0.3315940818713945
2090,20.9,0.8394327457231207
2091,20.91,0.9698574405253093
2092,20.92,0.6775250089588365
2093,20.93,0.5415360243227042
2094,20.94,0.2514102813563869
2095,20.95,0.8154779629182707
2096,20.96,0.25233913977416356
2097,20.97,0.7482821776858843
2098,20.98,0.5394846891287192
2099,20.99,0.9252094507249301
2100,21.0,0.5879231698162196
2101,21.01,0.6776285168641298
2102,21.02,0.15285884642265712
2103,21.03,0.1304413814482215
2104,21.04,0.8620276448644502
2105,21.05,0.9506693000808084
2106,21.06,0.7013939890538375
2107,21.07,0.7879049592148173
2108,21.08,0.4711530001740335
2109,21.09,0.8582902451428136
2110,21.1,0.30829005286970096
2111,21.11,0.7364526073331139
2112,21.12,0.10822731552159559
2113,21.13,0.5551596277237586
2114,21.14,0.4358806234181307
2115,21.15,0.6560517122891227
2116,21.16,0.7000792565980057
2117,21.17,0.6548674249759041
2118,21.18,0.5348837382596426
2119,21.19,0.5390689456027641
2120,21.2,0.10595112129294301
2121,21.21,0.5964792048201312
2122,21.22,0.11066587131510319
2123,21.23,0.5764758821574856
2124,21.24,0.3472666634780488
2125,21.25,0.9797314134092605
2126,21.26,0.11542833784218448
2127,21.27,0.8318414988225189
2128,21.28,0.7066296569072893
2129,21.29,0.825550929052686
2130,21.3,0.9187960293988895
2131,21.31,0.19631478582504364
2132,21.32,0.18668250122626762
2133,21.33,0.23400773716622547
2134,21.34,0.2727388512924519
2135,21.35,0.5738103868601946
2136,21.36,0.8336929516419543
2137,21.37,0.3405922630089723
2138,21.38,0.45720678024826433
2139,21.39,0.435746425117314
2140,21.4,0.46542466888649736
2141,21.41,0.6085019642031722
2142,21.42,0.9912097284757546
2143,21.43,0.30327152736468
2144,21.44,0.715637462923347
2145,21.45,0.8630803918283821
2146,21.46,0.6883621476032378
2147,21.47,0.8723972431190684
2148,21.48,0.7836272651591603
2149,21.49,0.18415045488439846
2150,21.5,0.4413376200158343
2151,21.51,0.5974312955767258
2152,21.52,0.15050344521606915
2153,21.53,0.10850515538871756
2154,21.54,0.25424521769894287
2155,21.55,0.5498725538015128
2156,21.56,0.49051868677449606
2157,21.57,0.8059386797111
2158,21.58,0.6092709651559315
2159,21.59,0.8721642820273025
2160,21.6,0.18582565192365708
2161,21.61,0.5753432670774832
2162,21.62,0.1382965818553406
2163,21.63,0.29027535029609247
2164,21.64,0.881305201523445
2165,21.65,0.8987988763310442
2166,21.66,0.527950258880746
2167,21.67,0.14190577366756896
2168,21.68,0.16691325393308598
2169,21.69,0.9330263290728309
2170,21.7,0.9093804857785077
2171,21.71,0.6071588776431852
2172,21.72,0.1296116021381247
2173,21.73,0.9358897251291933
2174,21.74,0.38303622390398584
2175,21.75,0.9653222708884053
2176,21.76,0.6283324936760395
2177,21.77,0.7770290228621786
2178,21.78,0.7414402599544238
2179,21.79,0.45846641835560986
2180,21.8,0.16924374229721129
2181,21.81,0.2462052256432353
2182,21.82,0.3164249748738581
2183,21.83,0.8511855040825768
2184,21.84,0.450240946630623
2185,21.85,0.9068731903024478
2186,21.86,0.3985568556596457
2187,21.87,0.780048338068803
2188,21.88,0.22595553481167757
2189,21.89,0.9896301621226927
2190,21.9,0.7517472130848833
2191,21.91,0.5507135664739526
2192,21.92,0.9768909946923967
2193,21.93,0.14832678875265426
2194,21.94,0.4933794275591493
2195,21.95,0.8548071918518575
2196,21.96,0.40653347182759536
2197,21.97,0.7921050880288981
2198,21.98,0.9593725572231993
2199,21.99,0.4570327443780635
2200,22.0,0.7961994245181901
2201,22.01,0.1266630930506486
2202,22.02,0.3459943257659176
2203,22.03,0.9933272906057177
2204,22.04,0.5415431104997139
2205,22.05,0.4202300779352631
2206,22.06,0.9470285604736529
2207,22.07,0.48866315161559026
2208,22.08,0.711725372279343
2209,22.09,0.694604716763388
2210,22.1,0.17712470587306217
2211,22.11,0.656754301233899
2212,22.12,0.8182496564224719
2213,22.13,0.7417976794105471
2214,22.14,0.17383420870583371
2215,22.15,0.2387988674789666
2216,22.16,0.7405094393007551
2217,22.17,0.6705107937667458
2218,22.18,0.7656897600789352
2219,22.19,0.38501040581338253
2220,22.2,0.19589582594013502
2221,22.21,0.10467570013302711
2222,22.22,0.3774407096226683
2223,22.23,0.4239257476122069
2224,22.24,0.3427897989154478
2225,22.25,0.21925630404477947
2226,22.26,0.2686526051750895
2227,22.27,0.5039593093193063
2228,22.28,0.599266000547981
2229,22.29,0.4672397575748237
2230,22.3,0.12363571361196748
2231,22.31,0.418522858610733
2232,22.32,0.18375783441388674
2233,22.33,0.6382394180148455
2234,22.34,0.39198729751517136
2235,22.35,0.44671412565638535
2236,22.36,0.36266261616668893
2237,22.37,0.44901960344055436
2238,22.38,0.17622956523567027
2239,22.39,0.9110224403707897
2240,22.4,0.9146868168820229
2241,22.41,0.9803557576124985
2242,22.42,0.6147643876745855
2243,22.43,0.25262463105309296
2244,22.44,0.4426588211398689
2245,22.45,0.2249560530634751
2246,22.46,0.37101813883756185
2247,22.47,0.5438115479897062
2248,22.48,0.15694043524925896
2249,22.49,0.49120864233647044
2250,22.5,0.47899210579527185
2251,22.51,0.5358081825405356
2252,22.52,0.16922922525564144
2253,22.53,0.3265297640100126
2254,22.54,0.32193106151230266
2255,22.55,0.6625303189920052
2256,22.56,0.6344257582351708
2257,22.57,0.27599340239223447
2258,22.58,0.1962751308228118
2259,22.59,0.3741921961761313
2260,22.6,0.9539411161551087
2261,22.61,0.3989954937804643
2262,22.62,0.6581729690872203
2263,22.63,0.8236688157616442
2264,22.64,0.39658754465133417
2265,22.65,0.40126260137226133
2266,22.66,0.8339279230027028
2267,22.67,0.8735576203907517
2268,22.68,0.9768028388541461
2269,22.69,0.22251202442043833
2270,22.7,0.3885986398375789
2271,22.71,0.9525510298145046
2272,22.72,0.28076633983186455
2273,22.73,0.3827649530758972
2274,22.74,0.9681171607853145
2275,22.75,0.9718526995720259
2276,22.76,0.36230333642204793
2277,22.77,0.725461990904899
2278,22.78,0.5419065816028921
2279,22.79,0.6182913534624646
2280,22.8,0.3181818671025158
2281,22.81,0.4384497720917324
2282,22.82,0.8348450638896218
2283,22.83,0.45364161676551396
2284,22.84,0.20249904125079832
2285,22.85,0.6074654577659073
2286,22.86,0.6330043308253469
2287,22.87,0.5910661769057399
2288,22.88,0.7135413698170789
2289,22.89,0.5950892412977256
2290,22.9,0.9577041503376664
2291,22.91,0.5154600005498337
2292,22.92,0.7375303461304571
2293,22.93,0.49460945887801777
2294,22.94,0.3621980871867658
2295,22.95,0.7235517513919084
2296,22.96,0.8370690112040127
2297,22.97,0.816091152396359
2298,22.98,0.4682274312204113
2299,22.99,0.5493728937600643
2300,23.0,0.6700024356882972
2301,23.01,0.317819050903719
2302,23.02,0.6927966716790863
2303,23.03,0.7437127521694835
2304,23.04,0.8101690868980567
2305,23.05,0.16656862202405961
2306,23.06,0.9916305529932712
2307,23.07,0.5313112297953636
2308,23.08,0.4607245875964363
2309,23.09,0.5559513787265582
2310,23.1,0.9283529660304661
2311,23.11,0.7225379793082969
2312,23.12,0.5892806830487299
2313,23.13,0.8116488253443332
2314,23.14,0.42357654371463394
2315,23.15,0.9059513638248091
2316,23.16,0.5832153874221291
2317,23.17,0.674362330309757
2318,23.18,0.17648374064588898
2319,23.19,0.7920586431280364
2320,23.2,0.6918414801226891
2321,23.21,0.4195079375036407
2322,23.22,0.6822998631850639
2323,23.23,0.13986702417506464
2324,23.24,0.9852473853567845
2325,23.25,0.7097247062777671
2326,23.26,0.4596559716025741
2327,23.27,0.7774144999566452
2328,23.28,0.9691450999424455
2329,23.29,0.4874099895011641
2330,23.3,0.10949299550612197
2331,23.31,0.3328645333632899
2332,23.32,0.5596086164725402
2333,23.33,0.5669179901644146
2334,23.34,0.6224664659716037
2335,23.35,0.6177118584433835
2336,23.36,0.5012006963544161
2337,23.37,0.45202075180975254
2338,23.38,0.7951080092161888
2339,23.39,0.6297309608861325
2340,23.4,0.5504192034577611
2341,23.41,0.4104706488395665
2342,23.42,0.12210638772319239
2343,23.43,0.19409442220545553
2344,23.44,0.4743778856731413
2345,23.45,0.9655550791119734
2346,23.46,0.2044624041630772
2347,23.47,0.9466085423315737
2348,23.48,0.22750765914839347
2349,23.49,0.38070130950778736
2350,23.5,0.5097993717032894
2351,23.51,0.28618059358748305
2352,23.52,0.5346333989014497
2353,23.53,0.5285462780882472
2354,23.54,0.4943493444457244
2355,23.55,0.7270869389712995
2356,23.56,0.3870185267959304
2357,23.57,0.37023767486374626
2358,23.58,0.8291673432268283
2359,23.59,0.20357674002890735
2360,23.6,0.8642620072422188
2361,23.61,0.6831729255499424
2362,23.62,0.7094253996017956
2363,23.63,0.24791868356563293
2364,23.64,0.9855104235294501
2365,23.65,0.31952165189679343
2366,23.66,0.2570079095417206
2367,23.67,0.24412214009382338
2368,23.68,0.6038640572408768
2369,23.69,0.9626163595605547
2370,23.7,0.3086699926702693
2371,23.71,0.4645426926522276
2372,23.72,0.26600659763625434
2373,23.73,0.6764309889940703
2374,23.74,0.48892100718635423
2375,23.75,0.12627304690815153
2376,23.76,0.6526962436347278
2377,23.77,0.27759199220402175
2378,23.78,0.6329828425243315
2379,23.79,0.44995220232013644
2380,23.8,0.734262054363761
2381,23.81,0.28520603143058976
2382,23.82,0.7770929458244424
2383,23.83,0.8278568097681347
2384,23.84,0.15630737632224795
2385,23.85,0.19157684385442814
2386,23.86,0.8847813970088966
2387,23.87,0.26826385206888403
2388,23.88,0.3933864204389367
2389,23.89,0.5117953799855669
2390,23.9,0.33611805590712485
2391,23.91,0.8763728927115766
2392,23.92,0.5749435176650044
2393,23.93,0.6751977270995355
2394,23.94,0.6372737463546941
2395,23.95,0.6501775790251016
2396,23.96,0.6283042431086961
2397,23.97,0.413132173693079
2398,23.98,0.8609660224026033
2399,23.99,0.6556264114027824
2400,24.0,0.8323644288348404
2401,24.01,0.7353895248513821
2402,24.02,0.3677003512294167
2403,24.03,0.6530360641416275
2404,24.04,0.17627677176072504
2405,24.05,0.2205529926856396
2406,24.06,0.20607548739549103
2407,24.07,0.3748420022819491
2408,24.08,0.26474006649833515
2409,24.09,0.724092887544801
2410,24.1,0.5597423825384448
2411,24.11,0.4764151955901328
2412,24.12,0.22408056868110174
2413,24.13,0.44533896655391836
2414,24.14,0.26717832936348906
2415,24.15,0.6719514778527718
2416,24.16,0.7240896338764198
2417,24.17,0.6807340855719554
2418,24.18,0.9999095973067829
2419,24.19,0.5994213182492477
2420,24.2,0.540677823572988
2421,24.21,0.22626688158801736
2422,24.22,0.3831220131947599
2423,24.23,0.505900873671986
2424,24.24,0.14825013636775314
2425,24.25,0.423135254954232
2426,24.26,0.1086250956069531
2427,24.27,0.2228812431962463
2428,24.28,0.8336943465884756
2429,24.29,0.9674461804734459
2430,24.3,0.5548942177576034
2431,24.31,0.5454728630797633
2432,24.32,0.7162270035039878
2433,24.33,0.47406739174670076
2434,24.34,0.8559026218911004
2435,24.35,0.5398295607457171
2436,24.36,0.1744035632078202
2437,24.37,0.12777463507870432
2438,24.38,0.7849509566908818
2439,24.39,0.362880918602836
2440,24.4,0.3473676264461806
2441,24.41,0.5838477563843375
2442,24.42,0.2513880796929163
2443,24.43,0.5115892485461042
2444,24.44,0.7682664267368083
2445,24.45,0.7893275994493216
2446,24.46,0.5947535660842462
2447,24.47,0.20188989576282085
2448,24.48,0.20278598622307192
2449,24.49,0.797601725077596
2450,24.5,0.8409545271978099
2451,24.51,0.4301755948948789
2452,24.52,0.8403498350166352
2453,24.53,0.13744947004321
2454,24.54,0.747082217017039
2455,24.55,0.5917179472497681
2456,24.56,0.9907981550890149
2457,24.57,0.1921747949897485
2458,24.58,0.8470636448882858
2459,24.59,0.776210945269305
2460,24.6,0.36793804159260435
2461,24.61,0.9993814023510169
2462,24.62,0.5047591085473724
2463,24.63,0.41371927914008244
2464,24.64,0.8350557266047947
2465,24.65,0.4951629130449997
2466,24.66,0.9945619158867554
2467,24.67,0.7980684848926962
2468,24.68,0.31325144983001313
2469,24.69,0.8296324451554692
2470,24.7,0.6291315072791295
2471,24.71,0.41556775700259074
2472,24.72,0.7396785635444195
2473,24.73,0.6694935678344246
2474,24.74,0.2493834559212333
2475,24.75,0.22531146933409849
2476,24.76,0.28595769056809606
2477,24.77,0.2862484486765894
2478,24.78,0.153422050275407
2479,24.79,0.41573393105754786
2480,24.8,0.35297651691117815
2481,24.81,0.5848916914428742
2482,24.82,0.39128825426921354
2483,24.83,0.7336483855796697
2484,24.84,0.36039991911844926
2485,24.85,0.34060875965027215
2486,24.86,0.8722151604516318
2487,24.87,0.9869394720356147
2488,24.88,0.7113693843309791
2489,24.89,0.18570264743290849
2490,24.9,0.9664947954944128
2491,24.91,0.8071219434621676
2492,24.92,0.9268918406468428
2493,24.93,0.9932376030802069
2494,24.94,0.8803428313904006
2495,24.95,0.2141993517524292
2496,24.96,0.8794709154920411
2497,24.97,0.3247095177443258
2498,24.98,0.7402553639552522
2499,24.99,0.8456336224287693
2500,25.0,0.7853262287318712
2501,25.01,0.7086110983299514
2502,25.02,0.5405128533240741
2503,25.03,0.6196829763737454
2504,25.04,0.34184543687873736
2505,25.05,0.47280258042853396
2506,25.06,0.5067925502953279
2507,25.07,0.6702649870152679
2508,25.08,0.8921125731765911
2509,25.09,0.18378530563835566
2510,25.1,0.5640521248789292
2511,25.11,0.3504031190666054
2512,25.12,0.9427025026797177
2513,25.13,0.4321640566678798
2514,25.14,0.9552286709788443
2515,25.15,0.3945603521448373
2516,25.16,0.10222577662778627
2517,25.17,0.7967217613939239
2518,25.18,0.7594516238855383
2519,25.19,0.7578387437383477
2520,25.2,0.512604331011746
2521,25.21,0.6977294387486582
2522,25.22,0.4224004564068885
2523,25.23,0.15699761745415722
2524,25.24,0.5809820179488084
2525,25.25,0.29604694151368527
2526,25.26,0.4866787906167126
2527,25.27,0.29066631976696444
2528,25.28,0.3416831544829803
2529,25.29,0.8455092553439272
2530,25.3,0.40397963965370864
2531,25.31,0.6201402762348563
2532,25.32,0.6095278998254262
2533,25.33,0.5368041136076546
2534,25.34,0.4093656584973573
2535,25.35,0.7142967334838853
2536,25.36,0.14356833503655067
2537,25.37,0.18961726772458526
2538,25.38,0.8055007856565114
2539,25.39,0.5136235864062102
2540,25.4,0.21181346130735862
2541,25.41,0.8718864399357524
2542,25.42,0.4971573539887839
2543,25.43,0.10060833836089379
2544,25.44,0.962228592373575
2545,25.45,0.28208638575765976
2546,25.46,0.7197326937203593
2547,25.47,0.21872177864561218
2548,25.48,0.6849974794065874
2549,25.49,0.24307971661523745
2550,25.5,0.9394530064533317
2551,25.51,0.346617512285754
2552,25.52,0.6891291679769147
2553,25.53,0.325350350694198
2554,25.54,0.43465939088208916
2555,25.55,0.9134202419520921
2556,25.56,0.2489725712434094
2557,25.57,0.45670741023900996
2558,25.58,0.3749583203598077
2559,25.59,0.7294972343721162
2560,25.6,0.31072945733597757
2561,25.61,0.6899367055451815
2562,25.62,0.7333282357876398
2563,25.63,0.10097767332255132
2564,25.64,0.5291260374348227
2565,25.65,0.21942981283598795
2566,25.66,0.30357177531346546
2567,25.67,0.7119844526094212
2568,25.68,0.10835825284761415
2569,25.69,0.7260373965592438
2570,25.7,0.8353981242219686
2571,25.71,0.9893394185178448
2572,25.72,0.48008254039755394
2573,25.73,0.21895763598330475
2574,25.74,0.1637454748604609
2575,25.75,0.4447629331081955
2576,25.76,0.7576870435875739
2577,25.77,0.192184453404556
2578,25.78,0.38201632969681554
2579,25.79,0.8928900954822435
2580,25.8,0.22341636526919106
2581,25.81,0.7961144352855617
2582,25.82,0.7778420208919612
2583,25.83,0.21983160806759094
2584,25.84,0.9936461397217465
2585,25.85,0.22856776015140448
2586,25.86,0.5774574488920129
2587,25.87,0.10762726775770862
2588,25.88,0.6850181918420262
2589,25.89,0.4960894787018667
2590,25.9,0.7501888237278901
2591,25.91,0.6652720345068123
2592,25.92,0.2362367177598529
2593,25.93,0.4705389049237103
2594,25.94,0.7179095528881659
2595,25.95,0.8739662721419349
2596,25.96,0.1780192301193897
2597,25.97,0.19041860122987492
2598,25.98,0.7772010818931572
2599,25.99,0.6306165259853618
2600,26.0,0.4456287184088087
2601,26.01,0.9669238394979377
2602,26.02,0.38305330136395244
2603,26.03,0.22584716992831033
2604,26.04,0.3492708912503608
2605,26.05,0.175823844398188
2606,26.06,0.5980569686062571
2607,26.07,0.6400070805032676
2608,26.08,0.6468337890239709
2609,26.09,0.8010726872619339
2610,26.1,0.7214284675131885
2611,26.11,0.8631028939959631
2612,26.12,0.6925648330766295
2613,26.13,0.3714844002194787
2614,26.14,0.5659742150175138
2615,26.15,0.5585703095032414
2616,26.16,0.7730592768831246
2617,26.17,0.36598784611786006
2618,26.18,0.14911221791372767
2619,26.19,0.9081213043212907
2620,26.2,0.9592043602124375
2621,26.21,0.5453989479489402
2622,26.22,0.2014692963434277
2623,26.23,0.5496242871453918
2624,26.24,0.6345367913239508
2625,26.25,0.5754578508425658
2626,26.26,0.9799272530590021
2627,26.27,0.9881942795588701
2628,26.28,0.9405319615067943
2629,26.29,0.21878459265943184
2630,26.3,0.8747326035430727
2631,26.31,0.6115423498956648
2632,26.32,0.42887121656328886
2633,26.33,0.7146478441021835
2634,26.34,0.7864533441060272
2635,26.35,0.9590076855467977
2636,26.36,0.7933303443021524
2637,26.37,0.11502046159377059
2638,26.38,0.16077931234549048
2639,26.39,0.33596674944586036
2640,26.4,0.1358441757434708
2641,26.41,0.15442197362938515
2642,26.42,0.8103609990937822
2643,26.43,0.5559495438474343
2644,26.44,0.6657136264545184
2645,26.45,0.5509440689563676
2646,26.46,0.47388879493786173
2647,26.47,0.7316295747611647
2648,26.48,0.17418503073218128
2649,26.49,0.5829083344630138
2650,26.5,0.6544423501000732
2651,26.51,0.34972096216110404
2652,26.52,0.3789161970549777
2653,26.53,0.5601742284657983
2654,26.54,0.28287774456204506
2655,26.55,0.827254072873588
2656,26.56,0.5827511556005125
2657,26.57,0.4516583526715148
2658,26.58,0.670864822617931
2659,26.59,0.8510738222662775
2660,26.6,0.7129501162382894
2661,26.61,0.1595035752590935
2662,26.62,0.7288082934449421
2663,26.63,0.7569625396883873
2664,26.64,0.8618213036266986
2665,26.65,0.1521153496208174
2666,26.66,0.1775915185523404
2667,26.67,0.49103522974541725
2668,26.68,0.5080346580674284
2669,26.69,0.6479491639846993
2670,26.7,0.37836105748617355
2671,26.71,0.7675241581517989
2672,26.72,0.7665923622107603
2673,26.73,0.2074987062170987
2674,26.74,0.7371105464062885
2675,26.75,0.7313496501014795
2676,26.76,0.24744936784186683
2677,26.77,0.9577145815792278
2678,26.78,0.5707048264555674
2679,26.79,0.8046883913893712
2680,26.8,0.7486889662841131
2681,26.81,0.25026665877314275
2682,26.82,0.21423754673301237
2683,26.83,0.8030115819432888
2684,26.84,0.3418880377683211
2685,26.85,0.8977732837665904
2686,26.86,0.7942872614406622
2687,26.87,0.12642062605552315
2688,26.88,0.8263970619916328
2689,26.89,0.3447825355192184
2690,26.9,0.15748479021083328
2691,26.91,0.7410909233804459
2692,26.92,0.6189865072427656
2693,26.93,0.16936302815774681
2694,26.94,0.5096779999114848
2695,26.95,0.4241115059695779
2696,26.96,0.549649005185245
2697,26.97,0.6101975154146049
2698,26.98,0.4309190000711306
2699,26.99,0.3296044729351703
2700,27.0,0.19261442351968266
2701,27.01,0.6165210746728509
2702,27.02,0.7505005359932798
2703,27.03,0.30556398083792596
2704,27.04,0.5579423964195821
2705,27.05,0.1396341165365286
2706,27.06,0.8766356454123502
2707,27.07,0.3200963053210331
2708,27.08,0.5245881306199643
2709,27.09,0.4446815269306592
2710,27.1,0.23507620141703509
2711,27.11,0.938044069441467
2712,27.12,0.8717366779731751
2713,27.13,0.5975783096462781
2714,27.14,0.9225529025690161
2715,27.15,0.7665992452959192
2716,27.16,0.4774323739265187
2717,27.17,0.3896218130248551
2718,27.18,0.4746309386511839
2719,27.19,0.7482591292853774
2720,27.2,0.344132162208835
2721,27.21,0.1700983629702208
2722,27.22,0.43552735006407517
2723,27.23,0.5518368483036244
2724,27.24,0.9117469083324442
2725,27.25,0.2614099152450751
2726,27.26,0.823904217512881
2727,27.27,0.9832724775473455
2728,27.28,0.9586714667143849
2729,27.29,0.1620337939954706
2730,27.3,0.5185847601251975
2731,27.31,0.3540761835588122
2732,27.32,0.8603618538351953
2733,27.33,0.3945708295535071
2734,27.34,0.5977822557916609
2735,27.35,0.10717225620170998
2736,27.36,0.28060403810766027
2737,27.37,0.6074260667417682
2738,27.38,0.37351837654127473
2739,27.39,0.6604457715028941
2740,27.4,0.5175340215224494
2741,27.41,0.6325218414863345
2742,27.42,0.5440246082693964
2743,27.43,0.7953519366554719
2744,27.44,0.27588018148554116
2745,27.45,0.9103989675037809
2746,27.46,0.7844339982895269
2747,27.47,0.32061418693892463
2748,27.48,0.10574009447662366
2749,27.49,0.46903249860941787
2750,27.5,0.30969796767376867
2751,27.51,0.4117813279654656
2752,27.52,0.8556166062065566
2753,27.53,0.8894787528264174
2754,27.54,0.955891235929099
2755,27.55,0.10131583648201997
2756,27.56,0.691573465158398
2757,27.57,0.8641053890010296
2758,27.58,0.7544935351368752
2759,27.59,0.1935541174164037
2760,27.6,0.5768330401540113
2761,27.61,0.31435083506877914
2762,27.62,0.5428259891649079
2763,27.63,0.15390556808787068
2764,27.64,0.9972633430967937
2765,27.65,0.7404872272300924
2766,27.66,0.1837239745222794
2767,27.67,0.9291469626748957
2768,27.68,0.9075587247383132
2769,27.69,0.5677832966428333
2770,27.7,0.7307622187288116
2771,27.71,0.43524277666667266
2772,27.72,0.977099311151426
2773,27.73,0.17641217576484058
2774,27.74,0.186019304803647
2775,27.75,0.22016246522586128
2776,27.76,0.8379666027047944
2777,27.77,0.16734743589688975
2778,27.78,0.6110386554602875
2779,27.79,0.49148459059148675
2780,27.8,0.9677964472594667
2781,27.81,0.31309456126770685
2782,27.82,0.334891845031249
2783,27.83,0.38350802386878247
2784,27.84,0.8207351397995457
2785,27.85,0.7306530456893879
2786,27.86,0.7618175819041313
2787,27.87,0.38625194733949053
2788,27.88,0.34476028464920894
2789,27.89,0.16721869222223174
2790,27.9,0.28244136365131034
2791,27.91,0.8019432842219766
2792,27.92,0.626237232223716
2793,27.93,0.23986949618974304
2794,27.94,0.24793748262979137
2795,27.95,0.5194496011929955
2796,27.96,0.46586129671829235
2797,27.97,0.5823320941810213
2798,27.98,0.9681712500252059
2799,27.99,0.2868726030493182
2800,28.0,0.3774769463912542
2801,28.01,0.3385071342232374
2802,28.02,0.20792220071985423
2803,28.03,0.2418538393589646
2804,28.04,0.7174493586554637
2805,28.05,0.8437480191456848
2806,28.06,0.7271901849133687
2807,28.07,0.13629682729779705
2808,28.08,0.8523322758891876
2809,28.09,0.39501429299631274
2810,28.1,0.18209161341221375
2811,28.11,0.3233969105151296
2812,28.12,0.4201684799538553
2813,28.13,0.5621137078408566
2814,28.14,0.7094650392901647
2815,28.15,0.3341501134491015
2816,28.16,0.9916089583671165
2817,28.17,0.1279738840228836
2818,28.18,0.4639530038024572
2819,28.19,0.5069810524609565
2820,28.2,0.7732706024878383
2821,28.21,0.324867365399396
2822,28.22,0.5158389239886151
2823,28.23,0.8235070780994651
2824,28.24,0.22581373534581015
2825,28.25,0.11076123085247169
2826,28.26,0.8473350987051724
2827,28.27,0.9843105137352595
2828,28.28,0.21764371378958017
2829,28.29,0.8413060736695203
2830,28.3,0.4350157694343979
2831,28.31,0.667267793743442
2832,28.32,0.6802165141376516
2833,28.33,0.6240914212726568
2834,28.34,0.3329385871118733
2835,28.35,0.831472382452253
2836,28.36,0.11962016446475146
2837,28.37,0.1580248324422188
2838,28.38,0.9122464737399533
2839,28.39,0.4990881914523899
2840,28.4,0.21591239409730406
2841,28.41,0.9145701733421376
2842,28.42,0.8464205594956762
2843,28.43,0.3983949021270491
2844,28.44,0.13842668718138773
2845,28.45,0.5148954298017466
2846,28.46,0.25119028785615083
2847,28.47,0.6164957798260505
2848,28.48,0.8395168613790553
2849,28.49,0.4554988193997275
2850,28.5,0.12653406370026235
2851,28.51,0.7148916250765145
2852,28.52,0.25552649064771027
2853,28.53,0.293244495373024
2854,28.54,0.2684360023400455
2855,28.55,0.3518690988526515
2856,28.56,0.8950814190042635
2857,28.57,0.13118449935835533
2858,28.58,0.6572588939613062
2859,28.59,0.3212063013207209
2860,28.6,0.36559464669974484
2861,28.61,0.4707929856665486
2862,28.62,0.5956197986835825
2863,28.63,0.1548811620395585
2864,28.64,0.3517983886950743
2865,28.65,0.2235124154188583
2866,28.66,0.27951202599992797
2867,28.67,0.8961872646024684
2868,28.68,0.5732326524275018
2869,28.69,0.6676789499422798
2870,28.7,0.8219512744940147
2871,28.71,0.8153616198716832
2872,28.72,0.9904632541853805
2873,28.73,0.8037241901608825
2874,28.74,0.4232008988538085
2875,28.75,0.5900660254306465
2876,28.76,0.5362115368964575
2877,28.77,0.9214093149385303
2878,28.78,0.5521539299893675
2879,28.79,0.4495431471123703
2880,28.8,0.2618342863280823
2881,28.81,0.38698981059644166
2882,28.82,0.2971181692657851
2883,28.83,0.9061883034528824
2884,28.84,0.800684453195627
2885,28.85,0.15273210725030667
2886,28.86,0.9923781910875137
2887,28.87,0.5764890627688884
2888,28.88,0.7901579516052456
2889,28.89,0.9996451721302114
2890,28.9,0.976581875560152
2891,28.91,0.19012090357446182
2892,28.92,0.6911779792386108
2893,28.93,0.33987430095911475
2894,28.94,0.8346566454478613
2895,28.95,0.9255335343133965
2896,28.96,0.1503177902672048
2897,28.97,0.9967528436558114
2898,28.98,0.2974704274395324
2899,28.99,0.8618545814186198
2900,29.0,0.8176516186414678
2901,29.01,0.41932417110864395
2902,29.02,0.8553000270753184
2903,29.03,0.8606988121296527
2904,29.04,0.258490330821991
2905,29.05,0.6332675582632714
2906,29.06,0.8255892028234495
2907,29.07,0.727863907239622
2908,29.08,0.9225820037156809
2909,29.09,0.12538591275444316
2910,29.1,0.7305047230162764
2911,29.11,0.9528028615630136
2912,29.12,0.6072458381048743
2913,29.13,0.6067980017776166
2914,29.14,0.26941029841473063
2915,29.15,0.9892055893641788
2916,29.16,0.8934637239079842
2917,29.17,0.5430040515058647
2918,29.18,0.3781477649360976
2919,29.19,0.5413927781147313
2920,29.2,0.18123163916581259
2921,29.21,0.3093610222749152
2922,29.22,0.2969280475224195
2923,29.23,0.5738036627336598
2924,29.24,0.10061514674544773
2925,29.25,0.9261065673285819
2926,29.26,0.28131794501692703
2927,29.27,0.21744059105726432
2928,29.28,0.7452438694217345
2929,29.29,0.9269027085764854
2930,29.3,0.8598556777938856
2931,29.31,0.3912299301743535
2932,29.32,0.11972160661921506
2933,29.33,0.6279482575820885
2934,29.34,0.9255017327330067
2935,29.35,0.7969298489379028
2936,29.36,0.8618327988212212
2937,29.37,0.8746025199323957
2938,29.38,0.9645028752481821
2939,29.39,0.4362317020750359
2940,29.4,0.9477308921212375
2941,29.41,0.45603600611846884
2942,29.42,0.1909289531626177
2943,29.43,0.3715886383529222
2944,29.44,0.22280650197174107
2945,29.45,0.24175349741516128
2946,29.46,0.9538241788236911
2947,29.47,0.8126582724998845
2948,29.48,0.9645958903318644
2949,29.49,0.6842622390803326
2950,29.5,0.25678240385997764
2951,29.51,0.9718686066998509
2952,29.52,0.7242043584632887
2953,29.53,0.9359606880868828
2954,29.54,0.8082926133360191
2955,29.55,0.3009134925825782
2956,29.56,0.6300551402047933
2957,29.57,0.25781646699119876
2958,29.58,0.3761409063681622
2959,29.59,0.7196485956390615
2960,29.6,0.21461352825118196
2961,29.61,0.7559478603423991
2962,29.62,0.9539092937991589
2963,29.63,0.9538283438649127
2964,29.64,0.4524412845498418
2965,29.65,0.9948548174928675
2966,29.66,0.9686655462587959
2967,29.67,0.1291444686343787
2968,29.68,0.642149800705874
2969,29.69,0.9289343947762714
2970,29.7,0.9707785170543419
2971,29.71,0.29880572539331085
2972,29.72,0.6089952215082884
2973,29.73,0.9430190141988288
2974,29.74,0.22657903133371154
2975,29.75,0.7708089952917841
2976,29.76,0.31419633263445723
2977,29.77,0.9841416894463212
2978,29.78,0.25109867507642575
2979,29.79,0.8967882280556235
2980,29.8,0.17985341131311372
2981,29.81,0.7380692318307019
2982,29.82,0.6751924191143911
2983,29.83,0.8979881636960396
2984,29.84,0.5019669406880145
2985,29.85,0.3386911965065886
2986,29.86,0.3245867768217509
2987,29.87,0.16101530205781042
2988,29.88,0.33099214738844335
2989,29.89,0.19723114109316636
2990,29.9,0.10115304174522094
2991,29.91,0.44734338815806896
2992,29.92,0.7593260450488918
2993,29.93,0.9721916425951167
2994,29.94,0.8960967978285047
2995,29.95,0.5437737941264629
2996,29.96,0.4408413172968332
2997,29.97,0.5914215709106089
2998,29.98,0.19128570367340947
2999,29.99,0.5315403253574444
3000,30.0,0.8776456484217192
3001,30.01,0.6858726068021296
3002,30.02,0.718444363795403
3003,30.03,0.24639086057363957
3004,30.04,0.16633845060523678
3005,30.05,0.8611862356221043
3006,30.06,0.3654177518045172
3007,30.07,0.38684521716099174
3008,30.08,0.9564959182907086
3009,30.09,0.16678036158999338
3010,30.1,0.2530946828360716
3011,30.11,0.43791209567199674
3012,30.12,0.7587865767441851
3013,30.13,0.5923416327510083
3014,30.14,0.9083117558079762
3015,30.15,0.18379421684261796
3016,30.16,0.6346274896468854
3017,30.17,0.6522802532010045
3018,30.18,0.5344631078396304
3019,30.19,0.1278938836469575
3020,30.2,0.9481980322917675
3021,30.21,0.2484974752857227
3022,30.22,0.9007779433636393
3023,30.23,0.24139339959770567
3024,30.24,0.19113202987600209
3025,30.25,0.28499542904614344
3026,30.26,0.27098583182954694
3027,30.27,0.7274770334266214
3028,30.28,0.7498342941181081
3029,30.29,0.7569766051032609
3030,30.3,0.3387382924149789
3031,30.31,0.3533707661007388
3032,30.32,0.3137934564525211
3033,30.33,0.14467189873465888
3034,30.34,0.6145928270719674
3035,30.35,0.855869054361086
3036,30.36,0.2382309410650608
3037,30.37,0.42474602910454573
3038,30.38,0.4848453617011421
3039,30.39,0.3650945040695933
3040,30.4,0.6958182034088809
3041,30.41,0.6401939752123919
3042,30.42,0.2797073206848517
3043,30.43,0.12316212345851718
3044,30.44,0.25374897252300077
3045,30.45,0.3626303194414968
3046,30.46,0.1737424852416931
3047,30.47,0.859392166912243
3048,30.48,0.37751806010595645
3049,30.49,0.45772061365731065
3050,30.5,0.5401871309085915
3051,30.51,0.6949360492714044
3052,30.52,0.18202318979561133
3053,30.53,0.5897134262977123
3054,30.54,0.26639309848784254
3055,30.55,0.896943423474585
3056,30.56,0.4324614984387506
3057,30.57,0.5011977437150124
3058,30.58,0.33696637001459584
3059,30.59,0.5185521605391855
3060,30.6,0.3036180522544002
3061,30.61,0.34170579394565465
3062,30.62,0.1554754326940894
3063,30.63,0.7770116279037583
3064,30.64,0.7007216132211116
3065,30.65,0.17713658065592539
3066,30.66,0.40941224789144204
3067,30.67,0.5873041054054199
3068,30.68,0.9736349834562182
3069,30.69,0.6307537980732432
3070,30.7,0.5982417155421179
3071,30.71,0.8567174497872254
3072,30.72,0.8365646933788362
3073,30.73,0.47676886744100555
3074,30.74,0.5819629707810368
3075,30.75,0.880204612335006
3076,30.76,0.527341949309728
3077,30.77,0.8934884824758605
3078,30.78,0.5286360529733217
3079,30.79,0.17105954479667487
3080,30.8,0.9124994812052386
3081,30.81,0.7428751292173239
3082,30.82,0.5518913232840443
3083,30.83,0.9104095553244327
3084,30.84,0.8204053030486171
3085,30.85,0.7097813970184272
3086,30.86,0.6582458029143727
3087,30.87,0.20825368727988997
3088,30.88,0.7814698800752741
3089,30.89,0.25559107552584504
3090,30.9,0.9859311912242196
3091,30.91,0.9749483905039812
3092,30.92,0.8276146491874268
3093,30.93,0.21356739877468578
3094,30.94,0.4810374093840395
3095,30.95,0.9894519427032241
3096,30.96,0.4918539209792565
3097,30.97,0.9975423041008981
3098,30.98,0.664503591009158
3099,30.99,0.8506973068084038
3100,31.0,0.3320977239889989
3101,31.01,0.9197240371584348
3102,31.02,0.9227565432087279
3103,31.03,0.16031075774375117
3104,31.04,0.44928923771327567
3105,31.05,0.45761949492133236
3106,31.06,0.3935141248327625
3107,31.07,0.3485807379165244
3108,31.08,0.5123414630103537
3109,31.09,0.8861196280354814
3110,31.1,0.8078955749449945
3111,31.11,0.6607521357299273
3112,31.12,0.5703058094048283
3113,31.13,0.47763445080270583
3114,31.14,0.47299815889208086
3115,31.15,0.23337976716410014
3116,31.16,0.6291407199532492
3117,31.17,0.7825396490719057
3118,31.18,0.9456849864883988
3119,31.19,0.9324353500833461
3120,31.2,0.6064153835295902
3121,31.21,0.19089139854290382
3122,31.22,0.35748356864398523
3123,31.23,0.582070133031325
3124,31.24,0.40948226071971805
3125,31.25,0.4698010335692985
3126,31.26,0.4447391255893476
3127,31.27,0.5370263130576977
3128,31.28,0.6480659367571917
3129,31.29,0.1337191034479421
3130,31.3,0.3478727278312784
3131,31.31,0.22946740356400636
3132,31.32,0.6477897376770643
3133,31.33,0.7242951278503829
3134,31.34,0.1349042792336156
3135,31.35,0.9006167925228318
3136,31.36,0.3983446681608437
3137,31.37,0.31382136452467646
3138,31.38,0.7711748378552226
3139,31.39,0.9287514846155488
3140,31.4,0.9073282259344804
3141,31.41,0.1182095997339447
3142,31.42,0.8356473327747498
3143,31.43,0.37274945810328697
3144,31.44,0.35231198786617746
3145,31.45,0.5424572920233853
3146,31.46,0.7265645602074773
3147,31.47,0.18839565124546712
3148,31.48,0.8820100225892787
3149,31.49,0.22094696887159643
3150,31.5,0.9767974821429795
3151,31.51,0.49879955199828596
3152,31.52,0.8432409986017755
3153,31.53,0.3424779829078873
3154,31.54,0.4750954549348445
3155,31.55,0.6809993302848798
3156,31.56,0.2691421218033503
3157,31.57,0.2902514518953079
3158,31.58,0.8415724908296266
3159,31.59,0.7668503190280072
3160,31.6,0.7835439657036309
3161,31.61,0.8804700734952031
3162,31.62,0.8389156531586143
3163,31.63,0.5637427323486012
3164,31.64,0.24307519837510042
3165,31.65,0.380010783960018
3166,31.66,0.5561157477129
3167,31.67,0.22208483891535383
3168,31.68,0.866165806888473
3169,31.69,0.8913993322238704
3170,31.7,0.12605334338816712
3171,31.71,0.27348710214840244
3172,31.72,0.8496369397688961
3173,31.73,0.8532790098478255
3174,31.74,0.3245412351918514
3175,31.75,0.5108038004152726
3176,31.76,0.9262279624070046
3177,31.77,0.7341705506980328
3178,31.78,0.34657974862692303
3179,31.79,0.8411556625202046
3180,31.8,0.5546137374434474
3181,31.81,0.6718688281682595
3182,31.82,0.21148557300163
3183,31.83,0.12750687314379422
3184,31.84,0.4352200853817765
3185,31.85,0.6346392341069361
3186,31.86,0.2598253247474755
3187,31.87,0.8834326947266166
3188,31.88,0.6281922235801841
3189,31.89,0.4147839114801891
3190,31.9,0.24716225306606576
3191,31.91,0.9050427282809759
3192,31.92,0.7740650210364399
3193,31.93,0.7199654838543589
3194,31.94,0.3565624387912858
3195,31.95,0.4479091036668862
3196,31.96,0.24661666503875845
3197,31.97,0.6150322549182706
3198,31.98,0.9684258482820296
3199,31.99,0.8714000686944721
3200,32.0,0.6826419025853339
3201,32.01,0.7099257214818737
3202,32.02,0.3421752213420614
3203,32.03,0.4685564768459879
3204,32.04,0.11804712174957195
3205,32.05,0.802273297834579
3206,32.06,0.7908154555706661
3207,32.07,0.1080081874630412
3208,32.08,0.9203638942471346
3209,32.09,0.6826343987575217
3210,32.1,0.6410277554450804
3211,32.11,0.10761735440338419
3212,32.12,0.3271513972245863
3213,32.13,0.8245770122759377
3214,32.14,0.37491372854610117
3215,32.15,0.970321999031539
3216,32.16,0.6784662801611475
3217,32.17,0.4814261205936572
3218,32.18,0.43882790704390073
3219,32.19,0.41383827934487316
3220,32.2,0.32679883835008844
3221,32.21,0.5200282139474941
3222,32.22,0.709476540748582
3223,32.23,0.8418797393235973
3224,32.24,0.4574372859749082
3225,32.25,0.19208089267174017
3226,32.26,0.5603623457214716
3227,32.27,0.696119907273627
3228,32.28,0.8589555550771995
3229,32.29,0.4368067868449643
3230,32.3,0.6826079080581313
3231,32.31,0.6481450941742151
3232,32.32,0.36862833362796776
3233,32.33,0.19729407752725914
3234,32.34,0.15745334850739895
3235,32.35,0.9895248692395904
3236,32.36,0.6765352710531902
3237,32.37,0.8753424402266475
3238,32.38,0.3350322171338472
3239,32.39,0.7399843980146126
3240,32.4,0.9031364179128395
3241,32.41,0.36891200072708785
3242,32.42,0.23493636671874088
3243,32.43,0.7889269494732608
3244,32.44,0.9097183402709453
3245,32.45,0.8248868403701768
3246,32.46,0.8221273700075304
3247,32.47,0.6400299710310144
3248,32.48,0.694477291313016
3249,32.49,0.7126801753486436
3250,32.5,0.7491548778333496
3251,32.51,0.6898605134161975
3252,32.52,0.9977221896204663
3253,32.53,0.33348364544079
3254,32.54,0.47670911747320743
3255,32.55,0.4494474289049125
3256,32.56,0.13178710434378182
3257,32.57,0.737262063438284
3258,32.58,0.614838190633157
3259,32.59,0.27092364437021565
3260,32.6,0.7538948889228132
3261,32.61,0.30012687457864207
3262,32.62,0.5811715913897918
3263,32.63,0.8064073497665053
3264,32.64,0.9158738549545493
3265,32.65,0.704681628366168
3266,32.66,0.5565833700461338
3267,32.67,0.8608773198201357
3268,32.68,0.85657482513676
3269,32.69,0.8888453059078995
3270,32.7,0.26302227202360073
3271,32.71,0.1878427574314384
3272,32.72,0.21514972572644803
3273,32.73,0.3327866655041871
3274,32.74,0.8275094822282231
3275,32.75,0.7866263964873722
3276,32.76,0.26476152131133557
3277,32.77,0.7117411323609355
3278,32.78,0.40206921688460684
3279,32.79,0.18036983981749527
3280,32.8,0.41975505650784917
3281,32.81,0.7697889364085272
3282,32.82,0.3763767441989877
3283,32.83,0.8092813931268393
3284,32.84,0.3981854232736989
3285,32.85,0.33450331186513327
3286,32.86,0.36464600948530845
3287,32.87,0.8660924993902692
3288,32.88,0.5234829109036122
3289,32.89,0.8797540327232857
3290,32.9,0.6252171577683224
3291,32.91,0.9498708856000693
3292,32.92,0.16409416366366825
3293,32.93,0.9004834553233491
3294,32.94,0.550429637043434
3295,32.95,0.880747979228407
3296,32.96,0.44350229782502837
3297,32.97,0.36852017843571694
3298,32.98,0.1486557735783176
3299,32.99,0.8688157933630094
3300,33.0,0.22362873325581153
3301,33.01,0.28026693171562916
3302,33.02,0.46827266207689366
3303,33.03,0.6124632291761085
3304,33.04,0.9159588410555148
3305,33.05,0.5118142897553871
3306,33.06,0.384745111883838
3307,33.07,0.7441016104990325
3308,33.08,0.8010470596904331
3309,33.09,0.5388227611732967
3310,33.1,0.6679294950364256
3311,33.11,0.2591418399071147
3312,33.12,0.671049072237404
3313,33.13,0.10424215128159448
3314,33.14,0.34617507598134967
3315,33.15,0.7850739530934993
3316,33.16,0.2517451809246169
3317,33.17,0.7880353625311821
3318,33.18,0.5406193815670148
3319,33.19,0.7872122503949494
3320,33.2,0.17923720938314014
3321,33.21,0.6530317648525557
3322,33.22,0.6701387866323347
3323,33.23,0.4630541323581554
3324,33.24,0.9687950561170299
3325,33.25,0.44498477804811465
3326,33.26,0.1339527866274442
3327,33.27,0.27947282610530527
3328,33.28,0.43579126488463393
3329,33.29,0.11266940685216892
3330,33.3,0.3899918204632622
3331,33.31,0.8499057999099077
3332,33.32,0.2715190389463641
3333,33.33,0.709073327509399
3334,33.34,0.6640182358044603
3335,33.35,0.3239408105882937
3336,33.36,0.7241722724533575
3337,33.37,0.4099147966569888
3338,33.38,0.21603772038547248
3339,33.39,0.4451954286769243
3340,33.4,0.6298036193512647
3341,33.41,0.2503181685414784
3342,33.42,0.8414594467069694
3343,33.43,0.36838202814472487
3344,33.44,0.361745012628538
3345,33.45,0.7550487203021315
3346,33.46,0.6367329267539521
3347,33.47,0.4040516360871397
3348,33.48,0.8991766394533375
3349,33.49,0.9959251688451356
3350,33.5,0.408459555331804
3351,33.51,0.911245398530072
3352,33.52,0.42332579772996914
3353,33.53,0.26958343050178246
3354,33.54,0.9532759183362484
3355,33.55,0.92638486795729
3356,33.56,0.46305248005101274
3357,33.57,0.30557645635224295
3358,33.58,0.7544519453226892
3359,33.59,0.2180851987754643
3360,33.6,0.7606689573803688
3361,33.61,0.6307235513193175
3362,33.62,0.2520862677011324
3363,33.63,0.4299323062598637
3364,33.64,0.6854863421091022
3365,33.65,0.13362708492333575
3366,33.66,0.8888897238395286
3367,33.67,0.3302102565327636
3368,33.68,0.5812600907744564
3369,33.69,0.14372826542356354
3370,33.7,0.9952122102913583
3371,33.71,0.6957729242541052
3372,33.72,0.6882108565606774
3373,33.73,0.11776758986273066
3374,33.74,0.7207747735396834
3375,33.75,0.47509800866158947
3376,33.76,0.4422283866348532
3377,33.77,0.592554146256033
3378,33.78,0.5269567044949635
3379,33.79,0.23781438831199275
3380,33.8,0.7256728262988181
3381,33.81,0.6672802061466432
3382,33.82,0.371004809281113
3383,33.83,0.6954981184816499
3384,33.84,0.6962346693000071
3385,33.85,0.3429794345834702
3386,33.86,0.6450709032316038
3387,33.87,0.22344717068182807
3388,33.88,0.8475874484238008
3389,33.89,0.19442281321008725
3390,33.9,0.7468896020645511
3391,33.91,0.20596111159351538
3392,33.92,0.20261129741582312
3393,33.93,0.19563733747575549
3394,33.94,0.27878199553565397
3395,33.95,0.27977444753172265
3396,33.96,0.33669452405235867
3397,33.97,0.5708314968333226
3398,33.98,0.2815058709839705
3399,33.99,0.7330930752216325
3400,34.0,0.36581608090055173
3401,34.01,0.1354651368657118
3402,34.02,0.5467192420312834
3403,34.03,0.2869245858444535
3404,34.04,0.9398119101866896
3405,34.05,0.3975432545770313
3406,34.06,0.10246419915165343
3407,34.07,0.7044698192186843
3408,34.08,0.9161920398428128
3409,34.09,0.851708948736917
3410,34.1,0.702119737451476
3411,34.11,0.23423004340008952
3412,34.12,0.18107440621833204
3413,34.13,0.560534812268193
3414,34.14,0.7512072552086311
3415,34.15,0.19116143073366165
3416,34.16,0.3303028924755984
3417,34.17,0.30804425784257133
3418,34.18,0.9897993376818437
3419,34.19,0.36641996083939465
3420,34.2,0.5178496215125336
3421,34.21,0.18982802355185574
3422,34.22,0.2572316280508518
3423,34.23,0.13550006797182423
3424,34.24,0.3615104595139115
3425,34.25,0.8214364924214026
3426,34.26,0.38143639626648784
3427,34.27,0.7646861762129586
3428,34.28,0.18549862329752226
3429,34.29,0.7823836043571144
3430,34.3,0.14130017838407372
3431,34.31,0.8667988525670394
3432,34.32,0.6970195247417595
3433,34.33,0.2534610487207378
3434,34.34,0.4217746638139699
3435,34.35,0.4939430651037413
3436,34.36,0.6596263299992565
3437,34.37,0.8906279836577262
3438,34.38,0.18365618389368008
3439,34.39,0.8334678605828467
3440,34.4,0.26458247827327847
3441,34.41,0.46069976285267766
3442,34.42,0.9660789371347785
3443,34.43,0.34464978167517113
3444,34.44,0.4471439407833828
3445,34.45,0.8656044202329256
3446,34.46,0.8199091872540551
3447,34.47,0.6839618354850373
3448,34.48,0.8172186013318662
3449,34.49,0.2017509007398815
3450,34.5,0.7265528861714154
3451,34.51,0.15278175609865965
3452,34.52,0.94822028919991
3453,34.53,0.24345585773394843
3454,34.54,0.47442494496780696
3455,34.55,0.6316752726913046
3456,34.56,0.8220383056405863
3457,34.57,0.7105538226242849
3458,34.58,0.2631345044835719
3459,34.59,0.4417757012042989
3460,34.6,0.42273902334438695
3461,34.61,0.1259346066140994
3462,34.62,0.7160177200433255
3463,34.63,0.8546828288924005
3464,34.64,0.9761001222028324
3465,34.65,0.21758979659357428
3466,34.66,0.9283581870742924
3467,34.67,0.2016437314363907
3468,34.68,0.4701558373616568
3469,34.69,0.14137509284170302
3470,34.7,0.3354515805056409
3471,34.71,0.3828141503864838
3472,34.72,0.7341113588325607
3473,34.73,0.7101360289181479
3474,34.74,0.7907758464609193
3475,34.75,0.6189841073110416
3476,34.76,0.6085110031186522
3477,34.77,0.9801060017957186
3478,34.78,0.7028599223928839
3479,34.79,0.4044705775915809
3480,34.8,0.5707928577022066
3481,34.81,0.7305221658677988
3482,34.82,0.18571792460652525
3483,34.83,0.6955419365613666
3484,34.84,0.32371929536563687
3485,34.85,0.41117453871175336
3486,34.86,0.7086660115216971
3487,34.87,0.44638895566604286
3488,34.88,0.8551297191068086
3489,34.89,0.6025098130319692
3490,34.9,0.9890124622853295
3491,34.91,0.14910950370490827
3492,34.92,0.6790588449011317
3493,34.93,0.2412346359715671
3494,34.94,0.8639610172984007
3495,34.95,0.8666840363014595
3496,34.96,0.8824740711514911
3497,34.97,0.1673787182292863
3498,34.98,0.5424831650299611
3499,34.99,0.31680263502750805
3500,35.0,0.9731305439050602
3501,35.01,0.14531564307388956
3502,35.02,0.30043587085191914
3503,35.03,0.6789855833409266
3504,35.04,0.46294929411555064
3505,35.05,0.3114999999921585
3506,35.06,0.5131851352734117
3507,35.07,0.8211351589540499
3508,35.08,0.5032887270988365
3509,35.09,0.8709303017602155
3510,35.1,0.5023613079224183
3511,35.11,0.20683616684826955
3512,35.12,0.5476360132598509
3513,35.13,0.6880357028245346
3514,35.14,0.1923789893321372
3515,35.15,0.4711046929079945
3516,35.16,0.6014179102643498
3517,35.17,0.1001527439305028
3518,35.18,0.18180599222037902
3519,35.19,0.6437829484556177
3520,35.2,0.657159538371744
3521,35.21,0.37413816229328367
3522,35.22,0.5575039662875184
3523,35.23,0.28616612396490854
3524,35.24,0.7043269337012404
3525,35.25,0.9553196169940291
3526,35.26,0.42700822981282993
3527,35.27,0.14884769197501108
3528,35.28,0.30062630295668313
3529,35.29,0.5090139843432259
3530,35.3,0.6041357605954614
3531,35.31,0.6577821727093759
3532,35.32,0.52582031298423
3533,35.33,0.6914504857880256
3534,35.34,0.7443221502548397
3535,35.35,0.20262102252016445
3536,35.36,0.7833879559712054
3537,35.37,0.29957239703817107
3538,35.38,0.4072214031191549
3539,35.39,0.846895497070961
3540,35.4,0.967990315108906
3541,35.41,0.36278520742745335
3542,35.42,0.5697865779437223
3543,35.43,0.7318864479339868
3544,35.44,0.14120029886953087
3545,35.45,0.24773983093485177
3546,35.46,0.226404268590024
3547,35.47,0.7451705013830945
3548,35.48,0.7494031859061843
3549,35.49,0.19626535496756708
3550,35.5,0.6497665895248154
3551,35.51,0.26878906047844303
3552,35.52,0.9371946332378308
3553,35.53,0.4536068409236561
3554,35.54,0.5113414074636901
3555,35.55,0.8032783632838791
3556,35.56,0.7451091230224087
3557,35.57,0.19698917255874282
3558,35.58,0.4730233106154973
3559,35.59,0.9339638774835797
3560,35.6,0.8537196137378185
3561,35.61,0.6299299971081113
3562,35.62,0.7949306562735059
3563,35.63,0.5054541372630676
3564,35.64,0.6926110255001824
3565,35.65,0.9605712894631759
3566,35.66,0.2211724129875695
3567,35.67,0.5489457778923501
3568,35.68,0.5773279127671759
3569,35.69,0.1437144450687147
3570,35.7,0.9417774527484873
3571,35.71,0.8549344996110249
3572,35.72,0.5346387671823336
3573,35.73,0.557499609164695
3574,35.74,0.929046082639421
3575,35.75,0.259482194651931
3576,35.76,0.620698947133759
3577,35.77,0.7574451955685
3578,35.78,0.21554360384642002
3579,35.79,0.4486650212985994
3580,35.8,0.6404914196248701
3581,35.81,0.8944262772028102
3582,35.82,0.553699107417848
3583,35.83,0.4461963748693337
3584,35.84,0.9815506841845386
3585,35.85,0.9243192175273893
3586,35.86,0.7861371906356134
3587,35.87,0.3462362919605001
3588,35.88,0.9672341839117774
3589,35.89,0.9734424849208905
3590,35.9,0.5075611354732301
3591,35.91,0.22003464791448418
3592,35.92,0.47147092552685743
3593,35.93,0.7300128564074126
3594,35.94,0.7735841792901245
3595,35.95,0.3690218214598818
3596,35.96,0.7313448793666465
3597,35.97,0.8746367915162422
3598,35.98,0.7406869207556306
3599,35.99,0.9419608697162821
3600,36.0,0.6693249560565375
3601,36.01,0.28080017409281
3602,36.02,0.6617508302848494
3603,36.03,0.36152154593132557
3604,36.04,0.41076422280872305
3605,36.05,0.7051363417461853
3606,36.06,0.9832019466113805
3607,36.07,0.6850777490262802
3608,36.08,0.9624938075246768
3609,36.09,0.5535040951389247
3610,36.1,0.7248807763545937
3611,36.11,0.3901432576724697
3612,36.12,0.20386472705526287
3613,36.13,0.4170140222165897
3614,36.14,0.5323329301515641
3615,36.15,0.6135743748277893
3616,36.16,0.7004415142469947
3617,36.17,0.47573013981296963
3618,36.18,0.7730818510389282
3619,36.19,0.8572503721752205
3620,36.2,0.35733518220282723
3621,36.21,0.8625709822784939
3622,36.22,0.8274743013940263
3623,36.23,0.5704569875882821
3624,36.24,0.12274492712902488
3625,36.25,0.230794040469516
3626,36.26,0.7032287608902477
3627,36.27,0.2799121755382451
3628,36.28,0.7751665168030484
3629,36.29,0.24484185490890703
3630,36.3,0.357953993343199
3631,36.31,0.3255049067123647
3632,36.32,0.8554436330186541
3633,36.33,0.721535365327609
3634,36.34,0.3656265093654454
3635,36.35,0.7782345532406485
3636,36.36,0.12907574491809445
3637,36.37,0.8326235957990218
3638,36.38,0.19223200570417895
3639,36.39,0.8812318362889693
3640,36.4,0.765543232155565
3641,36.41,0.8783573366841423
3642,36.42,0.7681714622855744
3643,36.43,0.6051434975117296
3644,36.44,0.31383592530958404
3645,36.45,0.805876455583798
3646,36.46,0.8189395772406134
3647,36.47,0.3588747890564983
3648,36.48,0.6980442117324612
3649,36.49,0.9338363300519016
3650,36.5,0.44879918377779127
3651,36.51,0.9610317730106441
3652,36.52,0.9782404498505136
3653,36.53,0.38138858280517074
3654,36.54,0.5969121377797572
3655,36.55,0.11166871390717448
3656,36.56,0.32620701553507514
3657,36.57,0.6585055260506641
3658,36.58,0.8028324035882969
3659,36.59,0.8831062830892016
3660,36.6,0.84698513375963
3661,36.61,0.9203377393663648
3662,36.62,0.7341661620035089
3663,36.63,0.6828691469950006
3664,36.64,0.7795969346876949
3665,36.65,0.5919536230311172
3666,36.66,0.6430482795597774
3667,36.67,0.7985320706100989
3668,36.68,0.9678608408134276
3669,36.69,0.36475994962404235
3670,36.7,0.2596833086394369
3671,36.71,0.7143929665313816
3672,36.72,0.2682789233790913
3673,36.73,0.25641561866977464
3674,36.74,0.5624621674971165
3675,36.75,0.43947840434738106
3676,36.76,0.4856570329606609
3677,36.77,0.6009387585357996
3678,36.78,0.21705987710383506
3679,36.79,0.6255874519155381
3680,36.8,0.3295145333191798
3681,36.81,0.39750650986804215
3682,36.82,0.7387203666846827
3683,36.83,0.23932512801845762
3684,36.84,0.2383330452126668
3685,36.85,0.390367026904168
3686,36.86,0.14576989707570412
3687,36.87,0.9391436790140718
3688,36.88,0.654047808489397
3689,36.89,0.6957011898684451
3690,36.9,0.541495847038309
3691,36.91,0.615409291499437
3692,36.92,0.42227702934736544
3693,36.93,0.8056283037134513
3694,36.94,0.3860731048349706
3695,36.95,0.2979658138848017
3696,36.96,0.2654821877818231
3697,36.97,0.1613588221939833
3698,36.98,0.5546263154106843
3699,36.99,0.47433811939337955
3700,37.0,0.5833323572805178
3701,37.01,0.1827509985451598
3702,37.02,0.2990782729913075
3703,37.03,0.29201842916757637
3704,37.04,0.39869516341358335
3705,37.05,0.4247180421964595
3706,37.06,0.29660075720606327
3707,37.07,0.7773901205990652
3708,37.08,0.5774490060461421
3709,37.09,0.9969679743439048
3710,37.1,0.841319560832682
3711,37.11,0.9830198778537669
3712,37.12,0.10792332666553367
3713,37.13,0.7020446211949479
3714,37.14,0.5011005216562232
3715,37.15,0.9140468126389228
3716,37.16,0.652330987354715
3717,37.17,0.6590185278612706
3718,37.18,0.9630071344665402
3719,37.19,0.7142962246916752
3720,37.2,0.38884330945637335
3721,37.21,0.9243391872688079
3722,37.22,0.9504889033886539
3723,37.23,0.44728834130563955
3724,37.24,0.5862135816483054
3725,37.25,0.3545460948514577
3726,37.26,0.9202023339657562
3727,37.27,0.8398981578159695
3728,37.28,0.4374622379457812
3729,37.29,0.8225350637574644
3730,37.3,0.5010012078145463
3731,37.31,0.1394664948194516
3732,37.32,0.908453448015268
3733,37.33,0.2732611491403094
3734,37.34,0.5625052301146902
3735,37.35,0.9533906376835762
3736,37.36,0.25065532829214543
3737,37.37,0.9606485858260592
3738,37.38,0.5841773478678259
3739,37.39,0.10659752759516061
3740,37.4,0.15892463989334796
3741,37.41,0.703301613528751
3742,37.42,0.796224039732349
3743,37.43,0.8784557701413681
3744,37.44,0.48178850674702656
3745,37.45,0.19353412825630312
3746,37.46,0.5839787926217451
3747,37.47,0.7324685796407872
3748,37.48,0.978601529205125
3749,37.49,0.7976860664167551
3750,37.5,0.6819050433865108
3751,37.51,0.9457760003574821
3752,37.52,0.7722017431068359
3753,37.53,0.23837911949588098
3754,37.54,0.5133027117340375
3755,37.55,0.39854383792055903
3756,37.56,0.17876880814077872
3757,37.57,0.14884126380229695
3758,37.58,0.8147933082783013
3759,37.59,0.6022757847860297
3760,37.6,0.6174660648365123
3761,37.61,0.304881071447491
3762,37.62,0.33278316309205813
3763,37.63,0.44922934328029374
3764,37.64,0.6671955381632091
3765,37.65,0.4897225311753438
3766,37.66,0.11520187147372715
3767,37.67,0.7059688590949414
3768,37.68,0.5813509330549019
3769,37.69,0.6772804718334757
3770,37.7,0.656514423019542
3771,37.71,0.7803645370256597
3772,37.72,0.6270472119820503
3773,37.73,0.7307938282447018
3774,37.74,0.16533050031907942
3775,37.75,0.9352429751497005
3776,37.76,0.1955219876829753
3777,37.77,0.808202707896313
3778,37.78,0.371215638860384
3779,37.79,0.17785469929401343
3780,37.8,0.7887468169184162
3781,37.81,0.4939085345214025
3782,37.82,0.45560193240575586
3783,37.83,0.6946508484165165
3784,37.84,0.5265889096311563
3785,37.85,0.5801209874293145
3786,37.86,0.2227433142965921
3787,37.87,0.45189330888609125
3788,37.88,0.8177361515501193
3789,37.89,0.5911520217767403
3790,37.9,0.9641208385723911
3791,37.91,0.2296679837126348
3792,37.92,0.7095601409545562
3793,37.93,0.922752024746156
3794,37.94,0.8155154100092133
3795,37.95,0.7563921189542603
3796,37.96,0.4358174634102916
3797,37.97,0.9545185931774615
3798,37.98,0.5981717689878511
3799,37.99,0.5995627710762357
3800,38.0,0.21091164304014912
3801,38.01,0.10452685516660461
3802,38.02,0.6369893987079972
3803,38.03,0.5834368436990149
3804,38.04,0.9522814503059847
3805,38.05,0.3742220371145576
3806,38.06,0.7734669280595141
3807,38.07,0.9131917383770913
3808,38.08,0.40946648486378223
3809,38.09,0.4713890464236231
3810,38.1,0.6813383532040787
3811,38.11,0.5612974250928283
3812,38.12,0.24485892180795554
3813,38.13,0.29870917242166717
3814,38.14,0.8512735301812558
3815,38.15,0.27489359381169287
3816,38.16,0.2632221862962851
3817,38.17,0.8196940482449783
3818,38.18,0.8670260149907281
3819,38.19,0.8662489501829268
3820,38.2,0.9391328788628337
3821,38.21,0.9948817453828901
3822,38.22,0.5151386833206345
3823,38.23,0.59469814871125
3824,38.24,0.3615874007680768
3825,38.25,0.16062648166432122
3826,38.26,0.18838216124233476
3827,38.27,0.7530303316007262
3828,38.28,0.5384713691203737
3829,38.29,0.397765838514451
3830,38.3,0.2153936319363564
3831,38.31,0.6899256826272574
3832,38.32,0.19004055154788063
3833,38.33,0.6575641994388997
3834,38.34,0.9101067317586296
3835,38.35,0.3860073435103528
3836,38.36,0.5055813803934416
3837,38.37,0.6547081872335078
3838,38.38,0.3751079404660487
3839,38.39,0.6257529395606776
3840,38.4,0.6089968071145988
3841,38.41,0.4280440921107663
3842,38.42,0.3846998435466962
3843,38.43,0.485476653663632
3844,38.44,0.10434869439820425
3845,38.45,0.32155762469093574
3846,38.46,0.2993731337858678
3847,38.47,0.7658345943447551
3848,38.48,0.4925116594807196
3849,38.49,0.8560990529025897
3850,38.5,0.22087524914459997
3851,38.51,0.7596755161762733
3852,38.52,0.8900972465571654
3853,38.53,0.5165635384680493
3854,38.54,0.42286744190223713
3855,38.55,0.3749246168008018
3856,38.56,0.5965046435441774
3857,38.57,0.2581931448057028
3858,38.58,0.6459648994637751
3859,38.59,0.8576136958044345
3860,38.6,0.8728422898337194
3861,38.61,0.22600150184457993
3862,38.62,0.5847562333702201
3863,38.63,0.336911185534225
3864,38.64,0.897702248871006
3865,38.65,0.16881614070149387
3866,38.66,0.16785996111403897
3867,38.67,0.11676726538411182
3868,38.68,0.5564604801570165
3869,38.69,0.1280748079074782
3870,38.7,0.6237014414445363
3871,38.71,0.46462102079600265
3872,38.72,0.6310326806566462
3873,38.73,0.9156732196583649
3874,38.74,0.5964345986735425
3875,38.75,0.5891223915263067
3876,38.76,0.9988553575106666
3877,38.77,0.5248935557046334
3878,38.78,0.7976775149536853
3879,38.79,0.42923676709270864
3880,38.8,0.3009759828619195
3881,38.81,0.7949303592044165
3882,38.82,0.7599041444916109
3883,38.83,0.3618992441929365
3884,38.84,0.5182310279534075
3885,38.85,0.5593707940094069
3886,38.86,0.4571066418847367
3887,38.87,0.5519505426997878
3888,38.88,0.696410640440827
3889,38.89,0.8631836560934799
3890,38.9,0.8258860512351086
3891,38.91,0.6526323789041153
3892,38.92,0.24925919682894246
3893,38.93,0.562723012464744
3894,38.94,0.5015983994551015
3895,38.95,0.2612306655177587
3896,38.96,0.9538406484516805
3897,38.97,0.6934719762576791
3898,38.98,0.9709620038537617
3899,38.99,0.762327827951342
3900,39.0,0.5351530741546878
3901,39.01,0.4229159849612254
3902,39.02,0.2969372055331255
3903,39.03,0.5388779335362831
3904,39.04,0.1565750452721223
3905,39.05,0.4324916669027269
3906,39.06,0.1385275967547822
3907,39.07,0.2860966672457509
3908,39.08,0.9169534833156646
3909,39.09,0.42512622810366596
3910,39.1,0.5227068061091881
3911,39.11,0.5091791048153995
3912,39.12,0.14179371175106031
3913,39.13,0.982530803856792
3914,39.14,0.39166399905757987
3915,39.15,0.7333626275628601
3916,39.16,0.5692356137201956
3917,39.17,0.8466824400882853
3918,39.18,0.851385039595654
3919,39.19,0.3369844624457381
3920,39.2,0.5899150558795343
3921,39.21,0.25646483480180504
3922,39.22,0.6883077818204958
3923,39.23,0.42876710019194286
3924,39.24,0.6880028919011648
3925,39.25,0.8519221609089801
3926,39.26,0.5649966077985449
3927,39.27,0.4386959029391907
3928,39.28,0.9165181838021377
3929,39.29,0.5647346039508133
3930,39.3,0.4176082069837531
3931,39.31,0.8809474796841226
3932,39.32,0.538175406406758
3933,39.33,0.5338990807418134
3934,39.34,0.6437898822571182
3935,39.35,0.5516532860236676
3936,39.36,0.22507147636941693
3937,39.37,0.24904524018609292
3938,39.38,0.1693794031671222
3939,39.39,0.6791293021494788
3940,39.4,0.2903653937221793
3941,39.41,0.26821510822789085
3942,39.42,0.426000649793582
3943,39.43,0.7455724376086859
3944,39.44,0.20649720054118842
3945,39.45,0.3073116993393921
3946,39.46,0.830055366435664
3947,39.47,0.7482300929874541
3948,39.48,0.5333649844505375
3949,39.49,0.530933178448074
3950,39.5,0.28963355594658713
3951,39.51,0.24512163387636318
3952,39.52,0.8500284967557288
3953,39.53,0.12020143433886223
3954,39.54,0.13882989820164884
3955,39.55,0.6161378602170414
3956,39.56,0.2450162263307842
3957,39.57,0.6665863823993394
3958,39.58,0.13527177871553522
3959,39.59,0.6150423693074181
3960,39.6,0.15032080374439977
3961,39.61,0.33243368141503765
3962,39.62,0.2620337856186674
3963,39.63,0.9624145028360983
3964,39.64,0.6394217705154367
3965,39.65,0.6072442321021887
3966,39.66,0.11675803207351322
3967,39.67,0.7475925695536798
3968,39.68,0.6955705563662423
3969,39.69,0.3551091637650764
3970,39.7,0.1771736524621701
3971,39.71,0.504283025457511
3972,39.72,0.9934982413371809
3973,39.73,0.8805721590928849
3974,39.74,0.2535101055907266
3975,39.75,0.8473272172338527
3976,39.76,0.64075484297008
3977,39.77,0.8151544632344061
3978,39.78,0.8384078621174477
3979,39.79,0.2636957366830897
3980,39.8,0.6936838750520677
3981,39.81,0.3380686286907607
3982,39.82,0.7517681182699802
3983,39.83,0.40840414710429873
3984,39.84,0.5081231306260826
3985,39.85,0.6315363918390766
3986,39.86,0.30683240846090176
3987,39.87,0.44691569446766277
3988,39.88,0.19771310251136395
3989,39.89,0.2821136941793576
3990,39.9,0.873632522809545
3991,39.91,0.5539235734636414
3992,39.92,0.47781551140444556
3993,39.93,0.23460507426381044
3994,39.94,0.18666871905088397
3995,39.95,0.5282822669405296
3996,39.96,0.6532733525323302
3997,39.97,0.13513290725631544
3998,39.98,0.8054814113548916
3999,39.99,0.5529962873246136
4000,40.0,0.20576476591729342
4001,40.01,0.5340168416012329
4002,40.02,0.2172959566994479
4003,40.03,0.6431271857422395
4004,40.04,0.8447696007868661
4005,40.05,0.9072720575627785
4006,40.06,0.797383380761023
4007,40.07,0.6843085615958805
4008,40.08,0.5698398066953988
4009,40.09,0.4333397052239021
4010,40.1,0.13909445500283335
4011,40.11,0.5768348670457351
4012,40.12,0.30653763074114515
4013,40.13,0.8220701764070324
4014,40.14,0.8106000266358592
4015,40.15,0.4431128465791496
4016,40.16,0.6301432775270859
4017,40.17,0.7672546380540205
4018,40.18,0.7853853043427427
4019,40.19,0.72703684284172
4020,40.2,0.18794521751210436
4021,40.21,0.22049479506214126
4022,40.22,0.5294271133040861
4023,40.23,0.3092616015603901
4024,40.24,0.8731479225712703
4025,40.25,0.35494000120806024
4026,40.26,0.889089681873902
4027,40.27,0.46778203421849374
4028,40.28,0.27011891234608365
4029,40.29,0.7382339534854971
4030,40.3,0.8104802340746124
4031,40.31,0.6201884312204016
4032,40.32,0.20604574358303593
4033,40.33,0.10647464720552333
4034,40.34,0.6890915087228776
4035,40.35,0.7189900630999985
4036,40.36,0.38431154316634364
4037,40.37,0.4260428107971317
4038,40.38,0.23930072250563225
4039,40.39,0.6864183413001386
4040,40.4,0.32826945360878557
4041,40.41,0.8694792336411357
4042,40.42,0.4812053926900268
4043,40.43,0.42907968499282456
4044,40.44,0.3480044885919899
4045,40.45,0.7125451345571036
4046,40.46,0.7794747105488501
4047,40.47,0.47190534246634275
4048,40.48,0.8054095752671837
4049,40.49,0.5342209813061926
4050,40.5,0.4331916719912323
4051,40.51,0.5994202206684958
4052,40.52,0.3283998808984267
4053,40.53,0.375987778007135
4054,40.54,0.4099206737933683
4055,40.55,0.7349451471739766
4056,40.56,0.7622041875441496
4057,40.57,0.8694990305412372
4058,40.58,0.6933545642135828
4059,40.59,0.7730327755718989
4060,40.6,0.5019353896736974
4061,40.61,0.729380298065548
4062,40.62,0.24561560593732265
4063,40.63,0.2930123273842721
4064,40.64,0.4605048157831506
4065,40.65,0.4045940616784123
4066,40.66,0.5955185931371363
4067,40.67,0.7273516678520143
4068,40.68,0.7361109401795828
4069,40.69,0.2446642082198955
4070,40.7,0.9681132262370657
4071,40.71,0.10476157012531478
4072,40.72,0.18197972581483363
4073,40.73,0.23079559225217836
4074,40.74,0.9332756090180642
4075,40.75,0.4918396910974876
4076,40.76,0.15767241073237953
4077,40.77,0.29959322015756085
4078,40.78,0.17203576302622242
4079,40.79,0.13397980445657104
4080,40.8,0.4458934093834198
4081,40.81,0.9860032905681458
4082,40.82,0.6525690316450424
4083,40.83,0.568904988898503
4084,40.84,0.740445248538083
4085,40.85,0.6377253074326866
4086,40.86,0.951144272061047
4087,40.87,0.8382058609853984
4088,40.88,0.6762621830771233
4089,40.89,0.4950748436871123
4090,40.9,0.28153651852541317
4091,40.91,0.6911958004361586
4092,40.92,0.8235189182038453
4093,40.93,0.35740586053782586
4094,40.94,0.13024841625663258
4095,40.95,0.6395634216032405
4096,40.96,0.5642322683975455
4097,40.97,0.30850387553625547
4098,40.98,0.25253460263179195
4099,40.99,0.13245501982991392
4100,41.0,0.31533096275863953
4101,41.01,0.10025854466916106
4102,41.02,0.24170028476535177
4103,41.03,0.9971354294444856
4104,41.04,0.8017055910787755
4105,41.05,0.41781489702087526
4106,41.06,0.45562880534608563
4107,41.07,0.6274721486887287
4108,41.08,0.5659684308903654
4109,41.09,0.7632329861317555
4110,41.1,0.16175545474335307
4111,41.11,0.18114927183563545
4112,41.12,0.3560444083327414
4113,41.13,0.8467883222043698
4114,41.14,0.9235080765533386
4115,41.15,0.4132857234234182
4116,41.16,0.9669588985589399
4117,41.17,0.34885706382741
4118,41.18,0.645727067193027
4119,41.19,0.275072673777365
4120,41.2,0.9367424567309083
4121,41.21,0.6174160495712332
4122,41.22,0.3349967551047452
4123,41.23,0.46642116349648144
4124,41.24,0.19581846075331893
4125,41.25,0.16514737347403352
4126,41.26,0.3648266420213081
4127,41.27,0.9523139186598963
4128,41.28,0.8226480183151216
4129,41.29,0.9610384146267477
4130,41.3,0.8885017416187603
4131,41.31,0.8318326146457368
4132,41.32,0.617404490896518
4133,41.33,0.7247726753241701
4134,41.34,0.9694499100697953
4135,41.35,0.6068517434244372
4136,41.36,0.7929704734604501
4137,41.37,0.7817259565420052
4138,41.38,0.9651148527714529
4139,41.39,0.5129635864007116
4140,41.4,0.514648397318061
4141,41.41,0.6281438654349815
4142,41.42,0.12461562777886648
4143,41.43,0.20464147129683036
4144,41.44,0.16079883459512823
4145,41.45,0.6702956178023697
4146,41.46,0.994778230028928
4147,41.47,0.70922167845859
4148,41.48,0.3069371247302387
4149,41.49,0.38415762462603575
4150,41.5,0.9599011184110242
4151,41.51,0.5648537954843544
4152,41.52,0.10875087254298244
4153,41.53,0.8489593404309058
4154,41.54,0.3234318484258698
4155,41.55,0.18370848714588256
4156,41.56,0.7063281251036324
4157,41.57,0.8389672205432771
4158,41.58,0.16842593848032017
4159,41.59,0.9382566158520964
4160,41.6,0.5288999086803607
4161,41.61,0.418184133594554
4162,41.62,0.904884627583186
4163,41.63,0.3421682042219192
4164,41.64,0.9524062981571303
4165,41.65,0.7147965776713917
4166,41.66,0.918934713089099
4167,41.67,0.5490994063273148
4168,41.68,0.2796998851848783
4169,41.69,0.7618861587185476
4170,41.7,0.8854682485674682
4171,41.71,0.2861007690898089
4172,41.72,0.282489902909446
4173,41.73,0.32472589055226175
4174,41.74,0.6567372092636274
4175,41.75,0.24039601162854304
4176,41.76,0.19602036109485207
4177,41.77,0.9281693165796906
4178,41.78,0.7082309123888739
4179,41.79,0.697081670488405
4180,41.8,0.6524442777481773
4181,41.81,0.7878197913719743
4182,41.82,0.587326559142722
4183,41.83,0.13803681405789797
4184,41.84,0.5340628730809456
4185,41.85,0.65860072734859
4186,41.86,0.5431063399337909
4187,41.87,0.9868251963920036
4188,41.88,0.9072997958739656
4189,41.89,0.881891952062098
4190,41.9,0.5417248164458921
4191,41.91,0.985955214409799
4192,41.92,0.9244061467053015
4193,41.93,0.3522399608648684
4194,41.94,0.29988350477183195
4195,41.95,0.6189986677126688
4196,41.96,0.14873335415990574
4197,41.97,0.8193429260019829
4198,41.98,0.5304880689508391
4199,41.99,0.5866911510326444
4200,42.0,0.5522276909095053
4201,42.01,0.45434523056715814
4202,42.02,0.7177047818773505
4203,42.03,0.25732032590714415
4204,42.04,0.9788564757133376
4205,42.05,0.7284201112865256
4206,42.06,0.514063531041787
4207,42.07,0.7202894941536839
4208,42.08,0.11063798074940404
4209,42.09,0.289677147131303
4210,42.1,0.6229073970815021
4211,42.11,0.3928925799238837
4212,42.12,0.6515002867255942
4213,42.13,0.3337306921812683
4214,42.14,0.5937070603412697
4215,42.15,0.3134252372567907
4216,42.16,0.52421082826461
4217,42.17,0.651775638824603
4218,42.18,0.42933173600973407
4219,42.19,0.5488930149491772
4220,42.2,0.28947923389959074
4221,42.21,0.7306413641346706
4222,42.22,0.4350786650819345
4223,42.23,0.8688934785167376
4224,42.24,0.35166657869261564
4225,42.25,0.2619003058542963
4226,42.26,0.21802524984885152
4227,42.27,0.6183034562871659
4228,42.28,0.3057100745497018
4229,42.29,0.1898827668185078
4230,42.3,0.34295419621228296
4231,42.31,0.3122246555969569
4232,42.32,0.4889968765577515
4233,42.33,0.44279504400832126
4234,42.34,0.23125936180378273
4235,42.35,0.9632331286720023
4236,42.36,0.23459325153893465
4237,42.37,0.8251015254018311
4238,42.38,0.25894654899365155
4239,42.39,0.5496380435006656
4240,42.4,0.9960055932696414
4241,42.41,0.8644509238569944
4242,42.42,0.5653062774284506
4243,42.43,0.7485042965721675
4244,42.44,0.8067996430244906
4245,42.45,0.37003076393810386
4246,42.46,0.6059246068645401
4247,42.47,0.6110510672847805
4248,42.48,0.4585617116769949
4249,42.49,0.7214888583645798
4250,42.5,0.15403273995161496
4251,42.51,0.8324362622861616
4252,42.52,0.5288854819169233
4253,42.53,0.666875991125939
4254,42.54,0.5048693371574126
4255,42.55,0.4011908846631065
4256,42.56,0.4248658189496094
4257,42.57,0.604315031332838
4258,42.58,0.9386601181999913
4259,42.59,0.3319433429071773
4260,42.6,0.11785180025238401
4261,42.61,0.20911374029503338
4262,42.62,0.8806317255767231
4263,42.63,0.9668049048261227
4264,42.64,0.27906229957318585
4265,42.65,0.6183050117260138
4266,42.66,0.6842178567096175
4267,42.67,0.25708495215651256
4268,42.68,0.8022781882893134
4269,42.69,0.4195981345518026
4270,42.7,0.7058735561326152
4271,42.71,0.5387443698739255
4272,42.72,0.7628735482859396
4273,42.73,0.9006692042243984
4274,42.74,0.44296389857156115
4275,42.75,0.35787121890021023
4276,42.76,0.668540971435122
4277,42.77,0.2303635044502607
4278,42.78,0.25081798193248045
4279,42.79,0.8269454295613616
4280,42.8,0.4036494789990398
4281,42.81,0.6681460674932533
4282,42.82,0.6144738164864141
4283,42.83,0.8640106947449278
4284,42.84,0.16420967035890166
4285,42.85,0.24579954005228682
4286,42.86,0.30539614544908594
4287,42.87,0.38519041752600514
4288,42.88,0.36222071751497786
4289,42.89,0.3407251517835741
4290,42.9,0.6801798638396694
4291,42.91,0.3441232912162141
4292,42.92,0.5004085488831745
4293,42.93,0.8765258352823022
4294,42.94,0.42684835622538586
4295,42.95,0.6282277961734095
4296,42.96,0.9689734295402451
4297,42.97,0.47259015478630584
4298,42.98,0.2654975791930456
4299,42.99,0.12079098308485683
4300,43.0,0.754995174789164
4301,43.01,0.6958202930277757
4302,43.02,0.946393603604196
4303,43.03,0.7306272355822158
4304,43.04,0.1720582640879924
4305,43.05,0.2502194185356872
4306,43.06,0.19270838265119747
4307,43.07,0.15741315963204422
4308,43.08,0.8908218788047673
4309,43.09,0.5935903694364645
4310,43.1,0.12372842202961692
4311,43.11,0.4573112686841525
4312,43.12,0.7884967349202362
4313,43.13,0.174926081251618
4314,43.14,0.33620703783848843
4315,43.15,0.2397469258001457
4316,43.16,0.6893494079890148
4317,43.17,0.8969241853867589
4318,43.18,0.3784335881949987
4319,43.19,0.32265686738367305
4320,43.2,0.3557577520522801
4321,43.21,0.6638326161635707
4322,43.22,0.2181493995641775
4323,43.23,0.8546660010035871
4324,43.24,0.12571416371792163
4325,43.25,0.697194221773424
4326,43.26,0.8743319356720533
4327,43.27,0.39268118499083093
4328,43.28,0.5285392665898362
4329,43.29,0.9774833908960852
4330,43.3,0.5865257452530549
4331,43.31,0.3451729848510827
4332,43.32,0.5003604391336695
4333,43.33,0.9725880380990916
4334,43.34,0.7278605892163427
4335,43.35,0.2593329759817409
4336,43.36,0.6378257789529046
4337,43.37,0.6679427703769537
4338,43.38,0.6722660227832521
4339,43.39,0.6075860380491587
4340,43.4,0.5711138239190567
4341,43.41,0.6755754238397308
4342,43.42,0.378695195302597
4343,43.43,0.4124514701477179
4344,43.44,0.5857013099224537
4345,43.45,0.8242369896218077
4346,43.46,0.49767427501888106
4347,43.47,0.42920498975354004
4348,43.48,0.3338263395439519
4349,43.49,0.3732156240157801
4350,43.5,0.10008311175543526
4351,43.51,0.8338418102447993
4352,43.52,0.8631518395444036
4353,43.53,0.4094964255249949
4354,43.54,0.5222781597196235
4355,43.55,0.10748539953673597
4356,43.56,0.9298795561696476
4357,43.57,0.952261760681312
4358,43.58,0.5293603634063114
4359,43.59,0.10821933961869985
4360,43.6,0.48739178194231014
4361,43.61,0.36363035170214897
4362,43.62,0.30809385416724266
4363,43.63,0.10649618650519078
4364,43.64,0.4362794888743302
4365,43.65,0.4705622821595211
4366,43.66,0.6044989227756539
4367,43.67,0.455276871658165
4368,43.68,0.2469425457972599
4369,43.69,0.7634060686930396
4370,43.7,0.4507509428678763
4371,43.71,0.4405222542474656
4372,43.72,0.33668224790162415
4373,43.73,0.48001544447832345
4374,43.74,0.3156056334447045
4375,43.75,0.7880844646689531
4376,43.76,0.9189589630953564
4377,43.77,0.826817446384818
4378,43.78,0.7161762613406674
4379,43.79,0.3562091692061077
4380,43.8,0.7686342029180365
4381,43.81,0.8279277841891335
4382,43.82,0.47161348886192267
4383,43.83,0.8681338210524436
4384,43.84,0.2641664611023785
4385,43.85,0.3606357693621569
4386,43.86,0.6732034385935121
4387,43.87,0.6559564725122639
4388,43.88,0.3449207174064617
4389,43.89,0.6604784022479981
4390,43.9,0.2690104982896101
4391,43.91,0.11745585752229672
4392,43.92,0.14466886500078877
4393,43.93,0.5814736777537897
4394,43.94,0.2673438383273731
4395,43.95,0.19204613979088575
4396,43.96,0.342275619600231
4397,43.97,0.7436763479901475
4398,43.98,0.7543963634027815
4399,43.99,0.3095294481603599
4400,44.0,0.23561532432773974
4401,44.01,0.5442215978761707
4402,44.02,0.40772156848176366
4403,44.03,0.3804190166827499
4404,44.04,0.8195161167424632
4405,44.05,0.9981671015490395
4406,44.06,0.5173160204830863
4407,44.07,0.8122822428387657
4408,44.08,0.3972237823322473
4409,44.09,0.8591916693412707
4410,44.1,0.9564796375593472
4411,44.11,0.15043450996170354
4412,44.12,0.7980876196412712
4413,44.13,0.16424622527415117
4414,44.14,0.5231320989388478
4415,44.15,0.2729730636338075
4416,44.16,0.8573853591462337
4417,44.17,0.8355256515996133
4418,44.18,0.8454268426548983
4419,44.19,0.20976540056719367
4420,44.2,0.7913311037660709
4421,44.21,0.3240661244565107
4422,44.22,0.7941027997246011
4423,44.23,0.4986648479286281
4424,44.24,0.7638571112981577
4425,44.25,0.13015926241324757
4426,44.26,0.5147511717810519
4427,44.27,0.7938963710111697
4428,44.28,0.5690252080515555
4429,44.29,0.9839042662650527
4430,44.3,0.5255429904923636
4431,44.31,0.7132980880520678
4432,44.32,0.38089842902566284
4433,44.33,0.39075686963461553
4434,44.34,0.6662478287176293
4435,44.35,0.13796732403525797
4436,44.36,0.9436788312690104
4437,44.37,0.5688336276257586
4438,44.38,0.32798146630158
4439,44.39,0.6746680108378215
4440,44.4,0.27885126862215986
4441,44.41,0.8987676184391882
4442,44.42,0.8772918991746403
4443,44.43,0.2960094241495926
4444,44.44,0.20163561338461378
4445,44.45,0.6696180693115702
4446,44.46,0.3920621388670872
4447,44.47,0.25062432076745744
4448,44.48,0.348490039454603
4449,44.49,0.20768463280966482
4450,44.5,0.8102294021753996
4451,44.51,0.10803687030040793
4452,44.52,0.1377940321189859
4453,44.53,0.8051277162259539
4454,44.54,0.527743610885485
4455,44.55,0.6365910555384513
4456,44.56,0.43425879697291037
4457,44.57,0.180531912474707
4458,44.58,0.2419286105776376
4459,44.59,0.1822613970737917
4460,44.6,0.656780372594147
4461,44.61,0.9377639060667644
4462,44.62,0.997275792685182
4463,44.63,0.662619097188466
4464,44.64,0.15379761844848025
4465,44.65,0.6801174069831266
4466,44.66,0.7311953260207026
4467,44.67,0.8123196199286915
4468,44.68,0.21324471189870375
4469,44.69,0.3094071677704572
4470,44.7,0.9835081398674502
4471,44.71,0.8097056432081862
4472,44.72,0.7810277708812502
4473,44.73,0.8249728389279273
4474,44.74,0.4948470082869376
4475,44.75,0.2736687691451426
4476,44.76,0.7203249822556379
4477,44.77,0.42235074752538826
4478,44.78,0.22125895638485704
4479,44.79,0.9087967398430383
4480,44.8,0.5367719198462618
4481,44.81,0.49375000374855327
4482,44.82,0.3652431367968072
4483,44.83,0.7273339974960893
4484,44.84,0.2707982525976863
4485,44.85,0.26796405605419343
4486,44.86,0.412898211116439
4487,44.87,0.7591621691104415
4488,44.88,0.34779201657247283
4489,44.89,0.8482146340520079
4490,44.9,0.9230266017802414
4491,44.91,0.5990682791494509
4492,44.92,0.1619889250250435
4493,44.93,0.23952293026779428
4494,44.94,0.36610539508966133
4495,44.95,0.33701434200588876
4496,44.96,0.43040143630408556
4497,44.97,0.10064784585182453
4498,44.98,0.6742234561991837
4499,44.99,0.4411392126999196
4500,45.0,0.26698086108743496
4501,45.01,0.11684787092924968
4502,45.02,0.8711463595007931
4503,45.03,0.7984149110181449
4504,45.04,0.314907902394419
4505,45.05,0.7489032064155309
4506,45.06,0.692460475641838
4507,45.07,0.5850608694340643
4508,45.08,0.4487417561626621
4509,45.09,0.571662791929407
4510,45.1,0.5477942436125925
4511,45.11,0.5963210265242931
4512,45.12,0.651735318115474
4513,45.13,0.39034003592151456
4514,45.14,0.6768135368065659
4515,45.15,0.19941772063546373
4516,45.16,0.570880485273912
4517,45.17,0.16001185878663907
4518,45.18,0.8516740221084622
4519,45.19,0.2167968396900215
4520,45.2,0.8861434998225151
4521,45.21,0.2818711258199039
4522,45.22,0.5368332585130258
4523,45.23,0.18887822798367906
4524,45.24,0.6139109632192291
4525,45.25,0.8526695739458422
4526,45.26,0.6921291324564716
4527,45.27,0.5732392263529705
4528,45.28,0.7311826194172413
4529,45.29,0.33034467730058026
4530,45.3,0.42971861808486655
4531,45.31,0.645358261809205
4532,45.32,0.16378656485510978
4533,45.33,0.9371899331281459
4534,45.34,0.28786428414415133
4535,45.35,0.5422649512854467
4536,45.36,0.9007905926471198
4537,45.37,0.17196112290958482
4538,45.38,0.8209179541097957
4539,45.39,0.15463016945744637
4540,45.4,0.6022179005230195
4541,45.41,0.9444194719298745
4542,45.42,0.47435788243877786
4543,45.43,0.4321617857726262
4544,45.44,0.7375904064809532
4545,45.45,0.8412786696496605
4546,45.46,0.3392340710469987
4547,45.47,0.13658783704690858
4548,45.48,0.1633493166492197
4549,45.49,0.3735140939812499
4550,45.5,0.950143133806512
4551,45.51,0.9645280708934124
4552,45.52,0.18740732514189629
4553,45.53,0.75265473952827
4554,45.54,0.5784949462622253
4555,45.55,0.2705143717960081
4556,45.56,0.5735728196143274
4557,45.57,0.323886726148612
4558,45.58,0.6627925481852368
4559,45.59,0.2610081024660254
4560,45.6,0.7742749221796352
4561,45.61,0.4736661402247663
4562,45.62,0.19496276370924015
4563,45.63,0.6747618698992378
4564,45.64,0.4221670292842634
4565,45.65,0.5128485331855369
4566,45.66,0.6987181192961893
4567,45.67,0.8945416174359034
4568,45.68,0.25012838701319273
4569,45.69,0.2623568847400614
4570,45.7,0.4614014562534057
4571,45.71,0.40376158350541214
4572,45.72,0.24235881030939835
4573,45.73,0.9985902148479533
4574,45.74,0.49871095299845913
4575,45.75,0.417091667743299
4576,45.76,0.38363949652815754
4577,45.77,0.9923166915563142
4578,45.78,0.3921886977580832
4579,45.79,0.43454756119183413
4580,45.8,0.787765931113934
4581,45.81,0.4875292654599209
4582,45.82,0.7532809152536527
4583,45.83,0.647572033231335
4584,45.84,0.6068302325238557
4585,45.85,0.2925353224393484
4586,45.86,0.7891373976708563
4587,45.87,0.9335322303333916
4588,45.88,0.32868021446472173
4589,45.89,0.9654865980682009
4590,45.9,0.5027498100984245
4591,45.91,0.4573815055204634
4592,45.92,0.7536819505035623
4593,45.93,0.984660824060693
4594,45.94,0.6361865439614072
4595,45.95,0.5658484229562963
4596,45.96,0.9940708085990853
4597,45.97,0.3716574885391588
4598,45.98,0.3703005655553563
4599,45.99,0.2996980331341961
4600,46.0,0.8701483829573855
4601,46.01,0.1195312343118396
4602,46.02,0.839745930202403
4603,46.03,0.7207472655184843
4604,46.04,0.3483614230692451
4605,46.05,0.5982968379567887
4606,46.06,0.6006907769560916
4607,46.07,0.933330205190559
4608,46.08,0.2392433075968803
4609,46.09,0.13396267007539286
4610,46.1,0.4200901779569417
4611,46.11,0.22456737412876898
4612,46.12,0.4303746037234575
4613,46.13,0.623940135723883
4614,46.14,0.30969473369881095
4615,46.15,0.8299668131043925
4616,46.16,0.1827146091568354
4617,46.17,0.4598184236299875
4618,46.18,0.926093623010021
4619,46.19,0.7608393584898219
4620,46.2,0.7512224740700635
4621,46.21,0.8136137748828519
4622,46.22,0.2556122417706903
4623,46.23,0.8431347199463969
4624,46.24,0.7206355909449093
4625,46.25,0.6186092155990283
4626,46.26,0.916890077932385
4627,46.27,0.6357080823036221
4628,46.28,0.3703539284589472
4629,46.29,0.7577104257606495
4630,46.3,0.6186553265407048
4631,46.31,0.17062965633056848
4632,46.32,0.15033043794098747
4633,46.33,0.7938113533031246
4634,46.34,0.41313718625763984
4635,46.35,0.835427530041888
4636,46.36,0.47486954135612747
4637,46.37,0.8810479872560982
4638,46.38,0.8828078627090978
4639,46.39,0.30404590422593647
4640,46.4,0.6875012648443158
4641,46.41,0.6420714708848883
4642,46.42,0.11029094286634317
4643,46.43,0.7996767563296426
4644,46.44,0.4442382659667369
4645,46.45,0.3743050535913186
4646,46.46,0.13706402694720687
4647,46.47,0.5859367564948023
4648,46.48,0.23462201725057114
4649,46.49,0.5521614494025094
4650,46.5,0.29871745733825666
4651,46.51,0.14546783273124478
4652,46.52,0.7584207162084472
4653,46.53,0.4535944340671316
4654,46.54,0.5010546123799396
4655,46.55,0.6356189721653562
4656,46.56,0.5542564115008314
4657,46.57,0.2998770653362729
4658,46.58,0.36080472624101834
4659,46.59,0.45489016349025935
4660,46.6,0.21897014083379024
4661,46.61,0.1742906013747244
4662,46.62,0.6142965314595664
4663,46.63,0.14437998826307924
4664,46.64,0.4592721695922477
4665,46.65,0.17657108872141186
4666,46.66,0.5516408040452152
4667,46.67,0.796442622900631
4668,46.68,0.21733765740565675
4669,46.69,0.22138368735335948
4670,46.7,0.6033665595821863
4671,46.71,0.5390749898238996
4672,46.72,0.687023595081252
4673,46.73,0.2764893703538987
4674,46.74,0.6543971538347817
4675,46.75,0.7621009787307903
4676,46.76,0.32162125645640177
4677,46.77,0.1644795823069764
4678,46.78,0.7990947089125152
4679,46.79,0.39107047704059017
4680,46.8,0.9317242728055746
4681,46.81,0.1806351833140617
4682,46.82,0.7045727981047618
4683,46.83,0.4811865421290761
4684,46.84,0.41347707116187193
4685,46.85,0.3886645265674026
4686,46.86,0.6344894341369635
4687,46.87,0.12178614730174214
4688,46.88,0.37433696279175377
4689,46.89,0.9888867252673563
4690,46.9,0.6545988950090531
4691,46.91,0.9911432640441985
4692,46.92,0.4979890947108264
4693,46.93,0.23123662767124983
4694,46.94,0.14038979583823594
4695,46.95,0.836354728118633
4696,46.96,0.2797166922451802
4697,46.97,0.4364387112885124
4698,46.98,0.7819604043337559
4699,46.99,0.8674877306612804
4700,47.0,0.20113456670659385
4701,47.01,0.1490842120255788
4702,47.02,0.9540468235232099
4703,47.03,0.9340567255981964
4704,47.04,0.8818771164804717
4705,47.05,0.8381205607869966
4706,47.06,0.11235996342408824
4707,47.07,0.7244157025505058
4708,47.08,0.20015019308482285
4709,47.09,0.5050554135745113
4710,47.1,0.12047330363608182
4711,47.11,0.2881085870117819
4712,47.12,0.5842049121162874
4713,47.13,0.2834212175889447
4714,47.14,0.5709392933198781
4715,47.15,0.3327922030830387
4716,47.16,0.5347236973102226
4717,47.17,0.75693122515881
4718,47.18,0.22721267883154764
4719,47.19,0.7288797088074276
4720,47.2,0.11654966130067403
4721,47.21,0.6247044489937742
4722,47.22,0.6971755077996789
4723,47.23,0.1391338067495131
4724,47.24,0.253287682340287
4725,47.25,0.35561218694319163
4726,47.26,0.8102696450566799
4727,47.27,0.656168298752258
4728,47.28,0.14777672379065107
4729,47.29,0.6892820846338483
4730,47.3,0.10750075772358486
4731,47.31,0.44978063251328126
4732,47.32,0.34417934117230375
4733,47.33,0.8668746502815328
4734,47.34,0.6940903359964283
4735,47.35,0.8778540462039581
4736,47.36,0.11717049154077476
4737,47.37,0.880669398569033
4738,47.38,0.6844700302770056
4739,47.39,0.30805175812403535
4740,47.4,0.44263108266656315
4741,47.41,0.9789507459008687
4742,47.42,0.18964334065828364
4743,47.43,0.3839103723779018
4744,47.44,0.8800954709753078
4745,47.45,0.5784045806468919
4746,47.46,0.2677756486757671
4747,47.47,0.550585740581991
4748,47.48,0.5121876359330026
4749,47.49,0.9337149757237901
4750,47.5,0.11933961239291098
4751,47.51,0.32265292577477617
4752,47.52,0.576473827469608
4753,47.53,0.4002126711676982
4754,47.54,0.45405983604454725
4755,47.55,0.24130472553174945
4756,47.56,0.41210191261679097
4757,47.57,0.41672177404046296
4758,47.58,0.6627078732259093
4759,47.59,0.31258428913649144
4760,47.6,0.9804198405200917
4761,47.61,0.5511263150594417
4762,47.62,0.8307035740897709
4763,47.63,0.6632131273441868
4764,47.64,0.8908095467720444
4765,47.65,0.9013618774708854
4766,47.66,0.8333727739105032
4767,47.67,0.126519308609687
4768,47.68,0.599445416437125
4769,47.69,0.35217446016538456
4770,47.7,0.2365373626918162
4771,47.71,0.9074577834722544
4772,47.72,0.6912385830546514
4773,47.73,0.1790155154235713
4774,47.74,0.4439864096689675
4775,47.75,0.9645451241001144
4776,47.76,0.6512035540150949
4777,47.77,0.6629721404453439
4778,47.78,0.30468517970740794
4779,47.79,0.31632472735351846
4780,47.8,0.23747423875196644
4781,47.81,0.9734834557856953
4782,47.82,0.9187618542077541
4783,47.83,0.3963562645334918
4784,47.84,0.5880103760853032
4785,47.85,0.2860815471949084
4786,47.86,0.22471887411868297
4787,47.87,0.5872184441659135
4788,47.88,0.8200945532476842
4789,47.89,0.8763288954220614
4790,47.9,0.37809855654596447
4791,47.91,0.7346227490065906
4792,47.92,0.5714249351516846
4793,47.93,0.22172724445952374
4794,47.94,0.9961172202088078
4795,47.95,0.9781992181617394
4796,47.96,0.23063715540326069
4797,47.97,0.9397269517806162
4798,47.98,0.9254009086060757
4799,47.99,0.38574658975774523
4800,48.0,0.6016062682842119
4801,48.01,0.9537414077482853
4802,48.02,0.20654856164546082
4803,48.03,0.3858378302720953
4804,48.04,0.8916743094546388
4805,48.05,0.7543715799341724
4806,48.06,0.7888915113122664
4807,48.07,0.8921187100977184
4808,48.08,0.472636139877711
4809,48.09,0.4701265869514144
4810,48.1,0.4987040383446868
4811,48.11,0.9403916719520736
4812,48.12,0.9047170838204224
4813,48.13,0.9399250273742202
4814,48.14,0.3464165481683712
4815,48.15,0.8011970964755135
4816,48.16,0.19609428955906097
4817,48.17,0.2662718469171106
4818,48.18,0.7862027353596689
4819,48.19,0.6507834379021217
4820,48.2,0.3401763517040316
4821,48.21,0.6103387836450771
4822,48.22,0.3078202138597117
4823,48.23,0.30896428084240213
4824,48.24,0.7186400966605249
4825,48.25,0.42333520108109624
4826,48.26,0.7193271562594444
4827,48.27,0.5289419980397668
4828,48.28,0.5520921287054151
4829,48.29,0.6442405836424763
4830,48.3,0.740817215178994
4831,48.31,0.4365634610174509
4832,48.32,0.8669164892190266
4833,48.33,0.5423010373597013
4834,48.34,0.22376145010745324
4835,48.35,0.27393384653065916
4836,48.36,0.1290065979043412
4837,48.37,0.7880849687154111
4838,48.38,0.11351283440658133
4839,48.39,0.3428728323815632
4840,48.4,0.47173961997254776
4841,48.41,0.7681299954966095
4842,48.42,0.989419075716661
4843,48.43,0.7819989307530663
4844,48.44,0.15952269181140044
4845,48.45,0.9343928855600144
4846,48.46,0.9870648756277313
4847,48.47,0.880416102374743
4848,48.48,0.5409486086597772
4849,48.49,0.3924060641236411
4850,48.5,0.5117904364975409
4851,48.51,0.3221054567754277
4852,48.52,0.46438009141827563
4853,48.53,0.13764364754510636
4854,48.54,0.7617986019096945
4855,48.55,0.44233675187960875
4856,48.56,0.38160774227034777
4857,48.57,0.6503543872030468
4858,48.58,0.7682210692371503
4859,48.59,0.6344252212535101
4860,48.6,0.5727074785326006
4861,48.61,0.8882046746738351
4862,48.62,0.8082278760869858
4863,48.63,0.5685841821013738
4864,48.64,0.5064486333072958
4865,48.65,0.8443090914934148
4866,48.66,0.138174324408188
4867,48.67,0.9962527343716433
4868,48.68,0.5668323873287605
4869,48.69,0.4560500769723026
4870,48.7,0.7616530733952407
4871,48.71,0.6019308548320685
4872,48.72,0.5645140147853186
4873,48.73,0.6675836977834484
4874,48.74,0.14436590426314844
4875,48.75,0.36206142601071656
4876,48.76,0.4582359023091034
4877,48.77,0.37409873304001473
4878,48.78,0.8448589068451756
4879,48.79,0.5152124475675668
4880,48.8,0.48021596420539725
4881,48.81,0.6518208513195033
4882,48.82,0.1490920001339738
4883,48.83,0.5652726852395242
4884,48.84,0.22801565689758246
4885,48.85,0.8469041539839756
4886,48.86,0.5065282790466898
4887,48.87,0.7503821123435498
4888,48.88,0.20185442761923553
4889,48.89,0.8008580276884357
4890,48.9,0.9440582119293154
4891,48.91,0.726502727655816
4892,48.92,0.2217760067713263
4893,48.93,0.472203374587855
4894,48.94,0.5057972693623669
4895,48.95,0.260990721049254
4896,48.96,0.6312839277606886
4897,48.97,0.7413709521756724
4898,48.98,0.2817388042382419
4899,48.99,0.5092148868826157
4900,49.0,0.32507406466951444
4901,49.01,0.7225456854978113
4902,49.02,0.916446216704866
4903,49.03,0.8168376002281503
4904,49.04,0.7465372477467067
4905,49.05,0.21118979515189013
4906,49.06,0.20274844494167
4907,49.07,0.5044585762222497
4908,49.08,0.4266490502415291
4909,49.09,0.5714355754595339
4910,49.1,0.44567863683541453
4911,49.11,0.8119599348133226
4912,49.12,0.5604998063360548
4913,49.13,0.9547785002284475
4914,49.14,0.4408107682713218
4915,49.15,0.44254630833503206
4916,49.16,0.7914342914059496
4917,49.17,0.9210275009399191
4918,49.18,0.6089424206627522
4919,49.19,0.6935773065418395
4920,49.2,0.2350807610594606
4921,49.21,0.8819366837303835
4922,49.22,0.2609800882059418
4923,49.23,0.7408427390916603
4924,49.24,0.4776235221121906
4925,49.25,0.37856647489328366
4926,49.26,0.7917673801248484
4927,49.27,0.5016324107341653
4928,49.28,0.6638075646953763
4929,49.29,0.20579858056223185
4930,49.3,0.21841392863087716
4931,49.31,0.2825665347515017
4932,49.32,0.6603042951886074
4933,49.33,0.32779987760623536
4934,49.34,0.512778392045683
4935,49.35,0.8698699507771285
4936,49.36,0.5891510436438703
4937,49.37,0.10517549400914852
4938,49.38,0.8944326284834752
4939,49.39,0.3140905186175291
4940,49.4,0.6299760944658783
4941,49.41,0.5281407908228385
4942,49.42,0.4691362291402207
4943,49.43,0.17146442563157455
4944,49.44,0.6400918938660303
4945,49.45,0.32024185429477003
4946,49.46,0.5926074486248317
4947,49.47,0.6577894349826268
4948,49.48,0.6017937834419999
4949,49.49,0.8427272542333143
4950,49.5,0.14402691994872677
4951,49.51,0.2334305513617213
4952,49.52,0.6879491903939683
4953,49.53,0.13304894664017083
4954,49.54,0.8684463585107689
4955,49.55,0.7002968886515755
4956,49.56,0.8542129922133455
4957,49.57,0.368597391977906
4958,49.58,0.9283462284425825
4959,49.59,0.14412822647391915
4960,49.6,0.47526123146982235
4961,49.61,0.26042355258168054
4962,49.62,0.7048814457352645
4963,49.63,0.6499807804437886
4964,49.64,0.7223622562726
4965,49.65,0.6354720876742477
4966,49.66,0.8085768215802273
4967,49.67,0.2596773406093116
4968,49.68,0.5098040452182391
4969,49.69,0.621069663198067
4970,49.7,0.9383318374474051
4971,49.71,0.18381365903959263
4972,49.72,0.3693650334368621
4973,49.73,0.4317124829275667
4974,49.74,0.44104541643141415
4975,49.75,0.1609000100388958
4976,49.76,0.48459145545198523
4977,49.77,0.5954239745321369
4978,49.78,0.36354944202106565
4979,49.79,0.22109121017024594
4980,49.8,0.7251574946453209
4981,49.81,0.34697668847656005
4982,49.82,0.5743474600641587
4983,49.83,0.5721815883283379
4984,49.84,0.7262465476106544
4985,49.85,0.6508483704355815
4986,49.86,0.19837201099269364
4987,49.87,0.7567556677864116
4988,49.88,0.6660807391706999
4989,49.89,0.9884703373827246
4990,49.9,0.5352966848885023
4991,49.91,0.7197888504289106
4992,49.92,0.9405025073093649
4993,49.93,0.9876505981097002
4994,49.94,0.3584685734238344
4995,49.95,0.6479601462410254
4996,49.96,0.384839702648625
4997,49.97,0.5728521027984352
4998,49.98,0.9955219020017961
4999,49.99,0.418468009936771
5000,50.0,0.21674182379887233
5001,50.01,0.606370903899947
5002,50.02,0.5677352201660444
5003,50.03,0.6686718467471524
5004,50.04,0.5432540083466644
5005,50.05,0.26191650849057213
5006,50.06,0.6484651819575538
5007,50.07,0.7377283607530537
5008,50.08,0.9813318936094633
5009,50.09,0.10142282550324809
5010,50.1,0.12158811776635842
5011,50.11,0.6629146681506879
5012,50.12,0.2061331515291447
5013,50.13,0.863262809713168
5014,50.14,0.8196079161299555
5015,50.15,0.9990883065251177
5016,50.16,0.47263702557193465
5017,50.17,0.40041303124044114
5018,50.18,0.6043739544260439
5019,50.19,0.673753189229251
5020,50.2,0.1101675411802268
5021,50.21,0.2810684250370812
5022,50.22,0.3534640329254848
5023,50.23,0.8111759525615905
5024,50.24,0.3769952943195074
5025,50.25,0.5560206643864083
5026,50.26,0.3915314554447631
5027,50.27,0.10551813619176355
5028,50.28,0.7172522097822621
5029,50.29,0.40722542670700246
5030,50.3,0.7519569785299106
5031,50.31,0.6543940086968358
5032,50.32,0.12620564363031456
5033,50.33,0.25806617941419796
5034,50.34,0.39746334888370904
5035,50.35,0.4041431697461887
5036,50.36,0.7052256616294192
5037,50.37,0.9245467478562176
5038,50.38,0.8175289454460324
5039,50.39,0.6810869985981174
5040,50.4,0.5333459708083247
5041,50.41,0.66448043893692
5042,50.42,0.9028524941109263
5043,50.43,0.5832707904751281
5044,50.44,0.40159868908094665
5045,50.45,0.8055901298876849
5046,50.46,0.4725577588007672
5047,50.47,0.7683261815489831
5048,50.48,0.8515951623690567
5049,50.49,0.36940937197542467
5050,50.5,0.7524677389143248
5051,50.51,0.3839525572930238
5052,50.52,0.5822969281438484
5053,50.53,0.2874362231765529
5054,50.54,0.7169439703117859
5055,50.55,0.8195818001372203
5056,50.56,0.8992265225664117
5057,50.57,0.4182359863787273
5058,50.58,0.9726519631920338
5059,50.59,0.35241402578849523
5060,50.6,0.12805584822026767
5061,50.61,0.9852568919786565
5062,50.62,0.6638597628537256
5063,50.63,0.8581651974422673
5064,50.64,0.6138834770405305
5065,50.65,0.45060964650393287
5066,50.66,0.6356726803269994
5067,50.67,0.8781343214520032
5068,50.68,0.776386187802652
5069,50.69,0.7347395656409675
5070,50.7,0.38304945855480443
5071,50.71,0.12846539426108952
5072,50.72,0.4724826110759228
5073,50.73,0.5473489909570207
5074,50.74,0.3138780216457338
5075,50.75,0.5067156966515759
5076,50.76,0.9556540747908192
5077,50.77,0.29452589133821705
5078,50.78,0.3720864687674602
5079,50.79,0.2010081450402298
5080,50.8,0.8064495849136675
5081,50.81,0.8000113523147148
5082,50.82,0.9220184615503527
5083,50.83,0.49939668368842616
5084,50.84,0.12244129716696397
5085,50.85,0.5343968720321373
5086,50.86,0.5500488775869459
5087,50.87,0.27119051073569284
5088,50.88,0.9312730911010857
5089,50.89,0.7591969600803493
5090,50.9,0.5712651653537365
5091,50.91,0.797979888279767
5092,50.92,0.22896554315487483
5093,50.93,0.8846190868945897
5094,50.94,0.8399246661666491
5095,50.95,0.9442214620451029
5096,50.96,0.709045559864106
5097,50.97,0.21944544080397776
5098,50.98,0.7521135690279103
5099,50.99,0.5134315695526405
5100,51.0,0.7423096513623683
5101,51.01,0.5701103858966557
5102,51.02,0.10369888231071214
5103,51.03,0.9391036096187454
5104,51.04,0.7183470976599425
5105,51.05,0.6348588227084844
5106,51.06,0.17836830243439056
5107,51.07,0.5201883122344858
5108,51.08,0.14152579302186175
5109,51.09,0.5685199408945601
5110,51.1,0.69308585800975
5111,51.11,0.3812327200191634
5112,51.12,0.6198038509685131
5113,51.13,0.3809286085886192
5114,51.14,0.902922025984981
5115,51.15,0.3887923328615722
5116,51.16,0.27329107566111266
5117,51.17,0.34898458480125827
5118,51.18,0.3872348114513485
5119,51.19,0.4970040604771051
5120,51.2,0.20588575486383426
5121,51.21,0.23438865051974658
5122,51.22,0.3462731972561356
5123,51.23,0.11373104574135123
5124,51.24,0.6606504664097963
5125,51.25,0.5626545957635176
5126,51.26,0.2859196416160154
5127,51.27,0.4152863241317055
5128,51.28,0.3866364206667757
5129,51.29,0.2274011459123345
5130,51.3,0.7339183265239191
5131,51.31,0.3549409264078338
5132,51.32,0.320342566476371
5133,51.33,0.1641185840982184
5134,51.34,0.6519365951643794
5135,51.35,0.4048650032767608
5136,51.36,0.49928287450711106
5137,51.37,0.217066601858239
5138,51.38,0.5236620211076972
5139,51.39,0.7079463440582932
5140,51.4,0.19533422697514052
5141,51.41,0.1484198881500037
5142,51.42,0.4838191706890246
5143,51.43,0.2610846939251559
5144,51.44,0.6365092262785754
5145,51.45,0.6334806015083463
5146,51.46,0.8525569634222417
5147,51.47,0.7294289499614584
5148,51.48,0.6546838039164384
5149,51.49,0.38119658603592876
5150,51.5,0.8356977811331482
5151,51.51,0.741608816255348
5152,51.52,0.7037832388905423
5153,51.53,0.580136436005615
5154,51.54,0.976313700009179
5155,51.55,0.7801686420141566
5156,51.56,0.5191258267388521
5157,51.57,0.21861575233656574
5158,51.58,0.8315659159579534
5159,51.59,0.927720137899663
5160,51.6,0.5214483148421101
5161,51.61,0.5100257536720672
5162,51.62,0.716030177324837
5163,51.63,0.7391943118709634
5164,51.64,0.518856907810951
5165,51.65,0.30852479228901447
5166,51.66,0.3014150085251741
5167,51.67,0.8749866493503061
5168,51.68,0.6552478785235246
5169,51.69,0.9215754496090443
5170,51.7,0.4528692265228761
5171,51.71,0.7296531589741854
5172,51.72,0.6986625566877063
5173,51.73,0.8099008357130917
5174,51.74,0.8941635012051833
5175,51.75,0.5079547609296148
5176,51.76,0.1272377189906588
5177,51.77,0.5278009258329746
5178,51.78,0.4162967386155342
5179,51.79,0.5151175153344097
5180,51.8,0.2537213903220864
5181,51.81,0.7911473632883571
5182,51.82,0.6439962082893433
5183,51.83,0.21465460179116352
5184,51.84,0.19263898927805856
5185,51.85,0.8357976030025316
5186,51.86,0.8170819960257647
5187,51.87,0.3932827554683005
5188,51.88,0.6845062715100615
5189,51.89,0.8131878455870324
5190,51.9,0.5794710093354982
5191,51.91,0.46073482730599014
5192,51.92,0.4720977151000333
5193,51.93,0.6587873549708869
5194,51.94,0.5931541155511011
5195,51.95,0.9765025580982655
5196,51.96,0.44543481289933573
5197,51.97,0.4066427423612351
5198,51.98,0.8325241344023784
5199,51.99,0.6318731791379574
5200,52.0,0.8058825789554768
5201,52.01,0.4918183372206246
5202,52.02,0.8085940935312267
5203,52.03,0.5900741921716917
5204,52.04,0.31253888723087986
5205,52.05,0.6963510312337031
5206,52.06,0.1701049623297925
5207,52.07,0.9377769331687535
5208,52.08,0.616769461729179
5209,52.09,0.5379672758496595
5210,52.1,0.6329468215738828
5211,52.11,0.5166175908806941
5212,52.12,0.5995789310923852
5213,52.13,0.8398207470826402
5214,52.14,0.25855660198056807
5215,52.15,0.960295101741063
5216,52.16,0.1626468713464831
5217,52.17,0.19787017045138627
5218,52.18,0.8326600479838614
5219,52.19,0.7942090409836109
5220,52.2,0.44101991202434465
5221,52.21,0.5448656326568886
5222,52.22,0.6941482831190079
5223,52.23,0.18147970434911986
5224,52.24,0.8353302309291442
5225,52.25,0.898535382916712
5226,52.26,0.9129304042420511
5227,52.27,0.6725195380215007
5228,52.28,0.10016590640969529
5229,52.29,0.23205281864697672
5230,52.3,0.23429478859660752
5231,52.31,0.5781302389677833
5232,52.32,0.4509843942077081
5233,52.33,0.620138273406355
5234,52.34,0.27609995815974103
5235,52.35,0.7133651091879816
5236,52.36,0.3849379455280437
5237,52.37,0.6132487670698165
5238,52.38,0.9218838387102114
5239,52.39,0.37409511973449183
5240,52.4,0.9489999677465023
5241,52.41,0.49125433002421326
5242,52.42,0.9843222731620529
5243,52.43,0.4098381637875761
5244,52.44,0.1803586641285887
5245,52.45,0.1073073271687453
5246,52.46,0.9877794836415461
5247,52.47,0.46377767445797524
5248,52.48,0.2148001273516913
5249,52.49,0.36476619658000387
5250,52.5,0.43230060421651695
5251,52.51,0.5939966229432044
5252,52.52,0.14781458005874584
5253,52.53,0.7330187119843604
5254,52.54,0.8386779552759722
5255,52.55,0.423320167502228
5256,52.56,0.8751230556814992
5257,52.57,0.8791116731469799
5258,52.58,0.3117170534174438
5259,52.59,0.7319996940430066
5260,52.6,0.45484149130204965
5261,52.61,0.3863145786568246
5262,52.62,0.4445106533574268
5263,52.63,0.4434085405742454
5264,52.64,0.5906069091714505
5265,52.65,0.6962388042812727
5266,52.66,0.5273842716601638
5267,52.67,0.269404154269989
5268,52.68,0.4461355519219853
5269,52.69,0.9320338385124437
5270,52.7,0.8559664180540438
5271,52.71,0.23884056180435254
5272,52.72,0.9977104387094238
5273,52.73,0.7030594737305808
5274,52.74,0.220849703330118
5275,52.75,0.16457139688395195
5276,52.76,0.11413701943752388
5277,52.77,0.7492053091257797
5278,52.78,0.5380312032411547
5279,52.79,0.4930616041829997
5280,52.8,0.9911958778068287
5281,52.81,0.17619709986074444
5282,52.82,0.6780186096232195
5283,52.83,0.4742699196497908
5284,52.84,0.5104257889406697
5285,52.85,0.8100355820793766
5286,52.86,0.6439865614271157
5287,52.87,0.4831337538430365
5288,52.88,0.26181763938780817
5289,52.89,0.558473422987105
5290,52.9,0.5968450273429176
5291,52.91,0.5050411905813459
5292,52.92,0.4197765074906261
5293,52.93,0.2672119303218623
5294,52.94,0.6441159315905496
5295,52.95,0.6201446507002507
5296,52.96,0.8621234980063291
5297,52.97,0.3130749705502167
5298,52.98,0.5515559244329139
5299,52.99,0.4697540322982371
5300,53.0,0.591549634327867
5301,53.01,0.43027302272704004
5302,53.02,0.9804101044988522
5303,53.03,0.6113346199314394
5304,53.04,0.7343942882993872
5305,53.05,0.20184793265344125
5306,53.06,0.5333796178219018
5307,53.07,0.7214475383762776
5308,53.08,0.22787873191510827
5309,53.09,0.7581638647151533
5310,53.1,0.9852211883173554
5311,53.11,0.9853015398645698
5312,53.12,0.800982835527348
5313,53.13,0.518442694583942
5314,53.14,0.17041114174590338
5315,53.15,0.900923930474099
5316,53.16,0.17960171565941102
5317,53.17,0.5252064151137811
5318,53.18,0.7675174996060373
5319,53.19,0.964369942261617
5320,53.2,0.17027372655024092
5321,53.21,0.6703188977038673
5322,53.22,0.8182884165768742
5323,53.23,0.38124974930089117
5324,53.24,0.14749684492667575
5325,53.25,0.40919155390210404
5326,53.26,0.8006744199224193
5327,53.27,0.521981929306919
5328,53.28,0.5613967993516443
5329,53.29,0.5223091529054102
5330,53.3,0.7604330927011563
5331,53.31,0.4789144964339068
5332,53.32,0.9645231722294126
5333,53.33,0.8184008998062919
5334,53.34,0.360287598898689
5335,53.35,0.1317936161573681
5336,53.36,0.9305780644556347
5337,53.37,0.7744827514414768
5338,53.38,0.754274542678292
5339,53.39,0.6073356459617527
5340,53.4,0.15527598683811755
5341,53.41,0.5258444787586255
5342,53.42,0.2521713168589323
5343,53.43,0.14645789631223594
5344,53.44,0.9913283464504621
5345,53.45,0.8280062017116104
5346,53.46,0.6618853049320599
5347,53.47,0.35813408893558507
5348,53.48,0.17425915013357396
5349,53.49,0.5550364983765484
5350,53.5,0.8663007304473708
5351,53.51,0.3500639172408422
5352,53.52,0.21928488652570532
5353,53.53,0.35287473833333993
5354,53.54,0.8720725456719111
5355,53.55,0.1127827090567816
5356,53.56,0.20039446386277213
5357,53.57,0.257152462893116
5358,53.58,0.6325931129237302
5359,53.59,0.23602205211848076
5360,53.6,0.5019878509103517
5361,53.61,0.8270566221912162
5362,53.62,0.33512732911314763
5363,53.63,0.7306973853154204
5364,53.64,0.5364266623759886
5365,53.65,0.8194348057705906
5366,53.66,0.8758129852248837
5367,53.67,0.4085631958072222
5368,53.68,0.17596131913819213
5369,53.69,0.23056322661034523
5370,53.7,0.9405476692285492
5371,53.71,0.23873526866624348
5372,53.72,0.5463534480145958
5373,53.73,0.9942270172510526
5374,53.74,0.7933310102287701
5375,53.75,0.31415269519836125
5376,53.76,0.4961665075525581
5377,53.77,0.6738171998452762
5378,53.78,0.28977107271538416
5379,53.79,0.7609249998453984
5380,53.8,0.41056814751694504
5381,53.81,0.6780349875834282
5382,53.82,0.7799355383036874
5383,53.83,0.20439492797308323
5384,53.84,0.25084035707722174
5385,53.85,0.45887032247043213
5386,53.86,0.37123041695832915
5387,53.87,0.7715354908513024
5388,53.88,0.7771850677595535
5389,53.89,0.5792687491349516
5390,53.9,0.44182071473567897
5391,53.91,0.7350470241238433
5392,53.92,0.5271306226876574
5393,53.93,0.2306348478600227
5394,53.94,0.883249962264753
5395,53.95,0.11067673608595868
5396,53.96,0.934500273448066
5397,53.97,0.5039385612592375
5398,53.98,0.7106440647253376
5399,53.99,0.9655864505263274
5400,54.0,0.7145886798224127
5401,54.01,0.136915853527396
5402,54.02,0.9259409269553722
5403,54.03,0.6736817361298597
5404,54.04,0.9605652903006624
5405,54.05,0.48860729075548803
5406,54.06,0.9262378147755513
5407,54.07,0.8725201058784986
5408,54.08,0.40147066595624015
5409,54.09,0.34037903414729775
5410,54.1,0.18844910956777278
5411,54.11,0.6889089534115728
5412,54.12,0.4520383873209187
5413,54.13,0.795835913775578
5414,54.14,0.7741818205834721
5415,54.15,0.7608821101836925
5416,54.16,0.6298518619943227
5417,54.17,0.27543311616746396
5418,54.18,0.4036659427728231
5419,54.19,0.7212504960141581
5420,54.2,0.26192498715179297
5421,54.21,0.5928512998634591
5422,54.22,0.7055216737659912
5423,54.23,0.848520549842393
5424,54.24,0.11076526992115292
5425,54.25,0.18792888352824627
5426,54.26,0.19351655629984732
5427,54.27,0.5013479830053804
5428,54.28,0.29747469315473424
5429,54.29,0.3549673171841091
5430,54.3,0.2737715783017694
5431,54.31,0.12133042557133362
5432,54.32,0.18274715431923952
5433,54.33,0.9446549209559315
5434,54.34,0.6909449667079021
5435,54.35,0.85191322337942
5436,54.36,0.9554400633234268
5437,54.37,0.6742745966435306
5438,54.38,0.7372675952465519
5439,54.39,0.20797939880004324
5440,54.4,0.8707967418746442
5441,54.41,0.21691652788491983
5442,54.42,0.6907551660200356
5443,54.43,0.909907493614519
5444,54.44,0.6094619238591198
5445,54.45,0.9704489578775446
5446,54.46,0.9064014673215193
5447,54.47,0.7260882702904693
5448,54.48,0.32800216499799306
5449,54.49,0.520260019558892
5450,54.5,0.9425638539205696
5451,54.51,0.6749024570591701
5452,54.52,0.9304258517602282
5453,54.53,0.3487452059419693
5454,54.54,0.48428505899756646
5455,54.55,0.9130523435832655
5456,54.56,0.7928924582385096
5457,54.57,0.39106371500792303
5458,54.58,0.24576942848159494
5459,54.59,0.16659735403626205
5460,54.6,0.7993953552555192
5461,54.61,0.44451910219886437
5462,54.62,0.39938926321538326
5463,54.63,0.15405278304528253
5464,54.64,0.9600451292955933
5465,54.65,0.33819836720925966
5466,54.66,0.4965173494999009
5467,54.67,0.5425496077647789
5468,54.68,0.9357276684090658
5469,54.69,0.6492716964585408
5470,54.7,0.2605979530582938
5471,54.71,0.5428515650152222
5472,54.72,0.22948534031636217
5473,54.73,0.7918365909764782
5474,54.74,0.29654784837789583
5475,54.75,0.6790043502720053
5476,54.76,0.9213483005570138
5477,54.77,0.7438602859757589
5478,54.78,0.19295840435754363
5479,54.79,0.1656275530410639
5480,54.8,0.6142101038604276
5481,54.81,0.3255367152356613
5482,54.82,0.5012938470906638
5483,54.83,0.9068611536020877
5484,54.84,0.23396884789749078
5485,54.85,0.6763017423509127
5486,54.86,0.9396043511781995
5487,54.87,0.6981452528494256
5488,54.88,0.33979283300374985
5489,54.89,0.7300496794048531
5490,54.9,0.9141557891085544
5491,54.91,0.6171762265513343
5492,54.92,0.5638447026673338
5493,54.93,0.9459199659071234
5494,54.94,0.5416115085059813
5495,54.95,0.49245190071703093
5496,54.96,0.8596442383154531
5497,54.97,0.8028433332670337
5498,54.98,0.8068435345820316
5499,54.99,0.5861158453171116
5500,55.0,0.10297662426517518
5501,55.01,0.9587398113335309
5502,55.02,0.8361789934474743
5503,55.03,0.5338597074827797
5504,55.04,0.6105194969607417
5505,55.05,0.9415379687580558
5506,55.06,0.4230264939374905
5507,55.07,0.7136521620493029
5508,55.08,0.4605533186322093
5509,55.09,0.669045273939626
5510,55.1,0.9629414981779975
5511,55.11,0.18160027734055983
5512,55.12,0.5811636669040312
5513,55.13,0.9648329698000587
5514,55.14,0.17241110620694922
5515,55.15,0.5136754183799608
5516,55.16,0.7898572807085722
5517,55.17,0.6830133146256836
5518,55.18,0.2589564740585381
5519,55.19,0.13539806433589502
5520,55.2,0.4457473076482168
5521,55.21,0.2719028448237725
5522,55.22,0.7262940507463682
5523,55.23,0.906814628065312
5524,55.24,0.6675553517040486
5525,55.25,0.4233350093502789
5526,55.26,0.17637623620549392
5527,55.27,0.6695121421976787
5528,55.28,0.7617917647251341
5529,55.29,0.22594865658974986
5530,55.3,0.27378344701847535
5531,55.31,0.7477651312704772
5532,55.32,0.6336508856314168
5533,55.33,0.5403092954299656
5534,55.34,0.15669336776036957
5535,55.35,0.5864968424965953
5536,55.36,0.37695779166903887
5537,55.37,0.5805460420881097
5538,55.38,0.85082526304275
5539,55.39,0.5043765497946495
5540,55.4,0.9962502652017508
5541,55.41,0.13333841193733065
5542,55.42,0.15044900777896295
5543,55.43,0.8090006787248759
5544,55.44,0.13853308010814386
5545,55.45,0.20636839785062033
5546,55.46,0.826393335226662
5547,55.47,0.7005847764820432
5548,55.48,0.5125333282804548
5549,55.49,0.7102700411020221
5550,55.5,0.8868298536755536
5551,55.51,0.23405826663185914
5552,55.52,0.621411141080313
5553,55.53,0.9323342305781701
5554,55.54,0.1331899006807338
5555,55.55,0.2274314250052365
5556,55.56,0.688448374101197
5557,55.57,0.5240976722274794
5558,55.58,0.9262171682457244
5559,55.59,0.14122152416716735
5560,55.6,0.7311671300523562
5561,55.61,0.2174839601883939
5562,55.62,0.2550241080626495
5563,55.63,0.1449621976479598
5564,55.64,0.37660360141594185
5565,55.65,0.8143273941245899
5566,55.66,0.5105661336340256
5567,55.67,0.2536204490946005
5568,55.68,0.6319382403609294
5569,55.69,0.8360201599875342
5570,55.7,0.1956980802324541
5571,55.71,0.5474291468819951
5572,55.72,0.8192577001010304
5573,55.73,0.2985152718186311
5574,55.74,0.824008177834578
5575,55.75,0.4835903175444066
5576,55.76,0.830368926765817
5577,55.77,0.983973477513608
5578,55.78,0.7105580535665732
5579,55.79,0.39181144691051684
5580,55.8,0.978267942485806
5581,55.81,0.6183703094072365
5582,55.82,0.22359646178357961
5583,55.83,0.8527843830602105
5584,55.84,0.8137915029518951
5585,55.85,0.787805094130545
5586,55.86,0.6337767277367627
5587,55.87,0.40195335490181816
5588,55.88,0.20867094059664026
5589,55.89,0.22711312235739134
5590,55.9,0.47363889181051966
5591,55.91,0.7266662071118847
5592,55.92,0.5980669569112771
5593,55.93,0.4947950908488046
5594,55.94,0.9331079775377156
5595,55.95,0.13662900492574118
5596,55.96,0.18997106561025273
5597,55.97,0.8626300392223533
5598,55.98,0.6511973547825064
5599,55.99,0.7998954738823942
5600,56.0,0.1140672936414498
5601,56.01,0.5382707273412521
5602,56.02,0.10571462069825527
5603,56.03,0.2614715705329423
5604,56.04,0.1802271160190338
5605,56.05,0.6865802126702477
5606,56.06,0.8982236277711271
5607,56.07,0.47460001799578344
5608,56.08,0.8266706229226041
5609,56.09,0.7953064376742484
5610,56.1,0.7231224977538226
5611,56.11,0.28554419673069614
5612,56.12,0.6758431333590653
5613,56.13,0.5707781777186485
5614,56.14,0.4708281920502213
5615,56.15,0.9442806494019481
5616,56.16,0.6494841897674367
5617,56.17,0.13385909078005528
5618,56.18,0.2620004202833688
5619,56.19,0.5498988714132073
5620,56.2,0.955268257701539
5621,56.21,0.6644724886405112
5622,56.22,0.8043247272899731
5623,56.23,0.4130682101615316
5624,56.24,0.10411303715362664
5625,56.25,0.31207510659629534
5626,56.26,0.20575704044061277
5627,56.27,0.5771791188352728
5628,56.28,0.18611546946338448
5629,56.29,0.42571117413385173
5630,56.3,0.7850154153116339
5631,56.31,0.5857505437492332
5632,56.32,0.29734852029229997
5633,56.33,0.7932981547997728
5634,56.34,0.6933944425530569
5635,56.35,0.34878392553152227
5636,56.36,0.2743470937118769
5637,56.37,0.8169516744784688
5638,56.38,0.7167193789735699
5639,56.39,0.9717164540315861
5640,56.4,0.5269715558570873
5641,56.41,0.25869143563347774
5642,56.42,0.7031283716142605
5643,56.43,0.13880404121149215
5644,56.44,0.6803747529370617
5645,56.45,0.35655806801193046
5646,56.46,0.4912044780421525
5647,56.47,0.40086516630006885
5648,56.48,0.8246383071025583
5649,56.49,0.78256721874947
5650,56.5,0.13898573438807565
5651,56.51,0.7663751963318207
5652,56.52,0.932375211146657
5653,56.53,0.25829884739399733
5654,56.54,0.8069428162735603
5655,56.55,0.5365552564219634
5656,56.56,0.2044585769159611
5657,56.57,0.9055712574107189
5658,56.58,0.7492627725030392
5659,56.59,0.6334359960391044
5660,56.6,0.39337508288889855
5661,56.61,0.2788762559918916
5662,56.62,0.7091672912875971
5663,56.63,0.3931164630283185
5664,56.64,0.8010777510637013
5665,56.65,0.39351900223645453
5666,56.66,0.18825772042130318
5667,56.67,0.7639730794082277
5668,56.68,0.882897672652902
5669,56.69,0.43797914908996693
5670,56.7,0.29859648247194837
5671,56.71,0.5238912338508891
5672,56.72,0.5359669443138347
5673,56.73,0.9014399594983351
5674,56.74,0.23044714476576925
5675,56.75,0.9350984047985836
5676,56.76,0.5094917853195569
5677,56.77,0.44859727349979106
5678,56.78,0.22276415312264986
5679,56.79,0.7478390945102231
5680,56.8,0.6688190052116748
5681,56.81,0.97800030218605
5682,56.82,0.281989801692234
5683,56.83,0.2144905882245684
5684,56.84,0.7229894765600506
5685,56.85,0.15368654767083928
5686,56.86,0.2228513494133825
5687,56.87,0.8664862298889522
5688,56.88,0.5127210324734557
5689,56.89,0.25408118504513516
5690,56.9,0.409218407406421
5691,56.91,0.8977680747631591
5692,56.92,0.6432723845624126
5693,56.93,0.8105922685199145
5694,56.94,0.6741992924920032
5695,56.95,0.6503752813862285
5696,56.96,0.25294193566075934
5697,56.97,0.9731222577205305
5698,56.98,0.869503619572014
5699,56.99,0.17782689907049032
5700,57.0,0.8712763873457305
5701,57.01,0.5402920587061282
5702,57.02,0.9960979036599273
5703,57.03,0.6324227841655916
5704,57.04,0.8532901236153142
5705,57.05,0.35125379050562877
5706,57.06,0.75701597918048
5707,57.07,0.7625609732071953
5708,57.08,0.3219887593615673
5709,57.09,0.39456635259705664
5710,57.1,0.6215203270328488
5711,57.11,0.9026403653229155
5712,57.12,0.6325944688292378
5713,57.13,0.2340727316020373
5714,57.14,0.6163307063909367
5715,57.15,0.10456982311602431
5716,57.16,0.9821656371638311
5717,57.17,0.13605281183232476
5718,57.18,0.5235873673865845
5719,57.19,0.7917457517519197
5720,57.2,0.13025849896019606
5721,57.21,0.5780095536625991
5722,57.22,0.5313424052949611
5723,57.23,0.8182157630248975
5724,57.24,0.8391621886804647
5725,57.25,0.5071972313952188
5726,57.26,0.3164603432624218
5727,57.27,0.6026382697952599
5728,57.28,0.11118069234374055
5729,57.29,0.7586076555099805
5730,57.3,0.9549405060425835
5731,57.31,0.21944080160979265
5732,57.32,0.36621138539281595
5733,57.33,0.6828761786152161
5734,57.34,0.18165655444813628
5735,57.35,0.5318046562532488
5736,57.36,0.37435294200198765
5737,57.37,0.7329740391176532
5738,57.38,0.872129900107851
5739,57.39,0.7725580269492723
5740,57.4,0.12197212635560854
5741,57.41,0.5093567178948564
5742,57.42,0.7946515070256703
5743,57.43,0.8867791342200443
5744,57.44,0.46482433502712217
5745,57.45,0.8108728415101515
5746,57.46,0.4333784145424504
5747,57.47,0.5178662086539854
5748,57.48,0.6700620725842362
5749,57.49,0.8743443858964333
5750,57.5,0.16362873275869588
5751,57.51,0.904090996248093
5752,57.52,0.3996155245440326
5753,57.53,0.12944275786676238
5754,57.54,0.4833120277345122
5755,57.55,0.34281044250912573
5756,57.56,0.951485944176101
5757,57.57,0.5881915958054843
5758,57.58,0.8150308779361232
5759,57.59,0.8089226597264308
5760,57.6,0.17286313741214338
5761,57.61,0.8927625231603176
5762,57.62,0.7621847066210131
5763,57.63,0.14933050769018252
5764,57.64,0.9507900068089642
5765,57.65,0.7071876699297984
5766,57.66,0.8991801153600687
5767,57.67,0.1998698893536589
5768,57.68,0.42903177305175055
5769,57.69,0.6572201053558804
5770,57.7,0.4290140295758076
5771,57.71,0.2577406628679885
5772,57.72,0.6029114122270516
5773,57.73,0.16030532274158585
5774,57.74,0.7384034223572757
5775,57.75,0.2842413337868841
5776,57.76,0.9831264600264781
5777,57.77,0.31476943482213054
5778,57.78,0.20220191094379536
5779,57.79,0.5306441185149704
5780,57.8,0.9452331392247186
5781,57.81,0.6221074468196797
5782,57.82,0.9631933579784575
5783,57.83,0.2888145780403624
5784,57.84,0.7705150431752004
5785,57.85,0.3028935036690341
5786,57.86,0.4174405024062078
5787,57.87,0.3406220671028597
5788,57.88,0.7122040650295929
5789,57.89,0.3494308005944937
5790,57.9,0.15703226205358206
5791,57.91,0.41070392360664587
5792,57.92,0.5376042146332941
5793,57.93,0.5740143391982007
5794,57.94,0.21043849083146046
5795,57.95,0.7388427598678621
5796,57.96,0.710477462730118
5797,57.97,0.5795699187331355
5798,57.98,0.3630379178135137
5799,57.99,0.6588561410556082
5800,58.0,0.8199134804753647
5801,58.01,0.9508287900976894
5802,58.02,0.8279162889739572
5803,58.03,0.9467882983000375
5804,58.04,0.15906483210264305
5805,58.05,0.9027128919629833
5806,58.06,0.5120867079390428
5807,58.07,0.17215336301635387
5808,58.08,0.9081512738833624
5809,58.09,0.3595354189159784
5810,58.1,0.9609642369244439
5811,58.11,0.19842842853285064
5812,58.12,0.34834846258775976
5813,58.13,0.7273738997664946
5814,58.14,0.5466958614844699
5815,58.15,0.8874938255833874
5816,58.16,0.568618875420796
5817,58.17,0.6645485775204095
5818,58.18,0.36385249774815875
5819,58.19,0.9726171449882018
5820,58.2,0.5872914622615972
5821,58.21,0.21882463191832913
5822,58.22,0.4120302221038712
5823,58.23,0.4994740468557054
5824,58.24,0.680215997392938
5825,58.25,0.36236511744673994
5826,58.26,0.15665455773348325
5827,58.27,0.8846143306925162
5828,58.28,0.30909525715897057
5829,58.29,0.9527038407896342
5830,58.3,0.6802048281005741
5831,58.31,0.47052255660916964
5832,58.32,0.4085132307572994
5833,58.33,0.6814461038123214
5834,58.34,0.3936757723803338
5835,58.35,0.6340215295498803
5836,58.36,0.7271772226478874
5837,58.37,0.8577170833470065
5838,58.38,0.5007306733146785
5839,58.39,0.3736741044411547
5840,58.4,0.21875882676581834
5841,58.41,0.8104134356666021
5842,58.42,0.2545634128923784
5843,58.43,0.33400671187120484
5844,58.44,0.5358188013338452
5845,58.45,0.973651643539456
5846,58.46,0.792774763412493
5847,58.47,0.14258704284954443
5848,58.48,0.4178088058229076
5849,58.49,0.5103338834687506
5850,58.5,0.24972676528071758
5851,58.51,0.9317184764497793
5852,58.52,0.7406309551133589
5853,58.53,0.35672192397752733
5854,58.54,0.9758854803280786
5855,58.55,0.8553985091842714
5856,58.56,0.7235733420717718
5857,58.57,0.6997203693912293
5858,58.58,0.23813632015235153
5859,58.59,0.3141147919388532
5860,58.6,0.13703631083962117
5861,58.61,0.3849632540127087
5862,58.62,0.21382616085409945
5863,58.63,0.33436647752452586
5864,58.64,0.2660469247746454
5865,58.65,0.6062385181815992
5866,58.66,0.13122017978875297
5867,58.67,0.38524938807055586
5868,58.68,0.4094623136010006
5869,58.69,0.4356234424083396
5870,58.7,0.5858799366497927
5871,58.71,0.24633784726469707
5872,58.72,0.37140379257009193
5873,58.73,0.928390578347688
5874,58.74,0.46410609810026004
5875,58.75,0.5494752242540296
5876,58.76,0.23084549794353648
5877,58.77,0.512236662470029
5878,58.78,0.38819613784885354
5879,58.79,0.10386487523567038
5880,58.8,0.7646454832816945
5881,58.81,0.978040932541103
5882,58.82,0.39815258147209553
5883,58.83,0.7349062209278432
5884,58.84,0.526519606309978
5885,58.85,0.3608444643962756
5886,58.86,0.9496085731591692
5887,58.87,0.9826208009917972
5888,58.88,0.6163548246040863
5889,58.89,0.23237512722327225
5890,58.9,0.6087083634412989
5891,58.91,0.9161927091334975
5892,58.92,0.4978949807943105
5893,58.93,0.72023228333208
5894,58.94,0.7584764691522948
5895,58.95,0.9101570221489133
5896,58.96,0.22548096411084756
5897,58.97,0.5958639912693835
5898,58.98,0.37727398069438367
5899,58.99,0.46146692973203796
5900,59.0,0.8567892245823764
5901,59.01,0.501375422043012
5902,59.02,0.1832330181727545
5903,59.03,0.14953027253848372
5904,59.04,0.6771813875111548
5905,59.05,0.6250882973804359
5906,59.06,0.29992947133746006
5907,59.07,0.9420985690533042
5908,59.08,0.3501344522546538
5909,59.09,0.12029378172181983
5910,59.1,0.5845710647441912
5911,59.11,0.5009122737449188
5912,59.12,0.704401998682777
5913,59.13,0.17863924338113923
5914,59.14,0.560608769617835
5915,59.15,0.27500503541096166
5916,59.16,0.385982030949404
5917,59.17,0.6445700396627206
5918,59.18,0.9490619476917598
5919,59.19,0.9176022551960479
5920,59.2,0.4249583822325035
5921,59.21,0.23315134454047226
5922,59.22,0.8684236629670592
5923,59.23,0.43266697039828717
5924,59.24,0.4355480358822026
5925,59.25,0.35618532903811473
5926,59.26,0.41621953008530144
5927,59.27,0.9797712653951229
5928,59.28,0.8868715621898302
5929,59.29,0.178838767812592
5930,59.3,0.7550680212603835
5931,59.31,0.49979832595121043
5932,59.32,0.9933374492380678
5933,59.33,0.8233169540632809
5934,59.34,0.35977061649718356
5935,59.35,0.8251055065929933
5936,59.36,0.9733246058818045
5937,59.37,0.481448978600986
5938,59.38,0.9067859439013481
5939,59.39,0.22561091819376028
5940,59.4,0.6284620608250956
5941,59.41,0.17747017688509342
5942,59.42,0.28700541163167376
5943,59.43,0.5271518170054568
5944,59.44,0.8807732378897886
5945,59.45,0.9879745125910272
5946,59.46,0.15950420305011936
5947,59.47,0.9640857683987245
5948,59.48,0.7805026481911179
5949,59.49,0.17960345078972706
5950,59.5,0.4685145748773619
5951,59.51,0.9229694466739593
5952,59.52,0.4730626125440278
5953,59.53,0.6002324604683217
5954,59.54,0.7392223060959927
5955,59.55,0.7797193730129667
5956,59.56,0.22323433592417685
5957,59.57,0.2674057762999486
5958,59.58,0.4435925793686274
5959,59.59,0.5984802338594724
5960,59.6,0.13800962299495403
5961,59.61,0.843623474775207
5962,59.62,0.851126681467052
5963,59.63,0.373522941356081
5964,59.64,0.6033529510041358
5965,59.65,0.5171066507851199
5966,59.66,0.12415601322127576
5967,59.67,0.10220200746224496
5968,59.68,0.33640932120496375
5969,59.69,0.9604239365197694
5970,59.7,0.8508187642164882
5971,59.71,0.525287052331561
5972,59.72,0.688431674982027
5973,59.73,0.9034178730764995
5974,59.74,0.47544109494563247
5975,59.75,0.542697852970018
5976,59.76,0.7190588673972134
5977,59.77,0.3202752353668088
5978,59.78,0.20741919717376323
5979,59.79,0.3494953307788461
5980,59.8,0.9948996586618035
5981,59.81,0.16005234374852617
5982,59.82,0.7710090162275995
5983,59.83,0.6229591930839219
5984,59.84,0.6090171306763713
5985,59.85,0.8815113263735204
5986,59.86,0.6651964427331205
5987,59.87,0.5284366419675415
5988,59.88,0.7248205888007038
5989,59.89,0.2076253156057148
5990,59.9,0.5612732824657972
5991,59.91,0.617737317947973
5992,59.92,0.8607520612596233
5993,59.93,0.24656250941372693
5994,59.94,0.15265935459377922
5995,59.95,0.3877130002896455
5996,59.96,0.8904855379756893
5997,59.97,0.22194765449797296
5998,59.98,0.24697796663343524
5999,59.99,0.34540331829374354
6000,60.0,0.4775626046405913
6001,60.01,0.9208941590759212
6002,60.02,0.42038589078071265
6003,60.03,0.3608705778606064
6004,60.04,0.5766510969031742
6005,60.05,0.942685317763269
6006,60.06,0.5624798437538248
6007,60.07,0.7897981939109188
6008,60.08,0.26492274767324653
6009,60.09,0.1850577871418464
6010,60.1,0.7773656558276886
6011,60.11,0.5893411017235083
6012,60.12,0.8851988210125966
6013,60.13,0.8441397969461634
6014,60.14,0.7164704361549726
6015,60.15,0.37096507805819123
6016,60.16,0.7168993475151862
6017,60.17,0.7195119777788997
6018,60.18,0.18625006885065348
6019,60.19,0.6220419773196163
6020,60.2,0.840983335147394
6021,60.21,0.1116078974549062
6022,60.22,0.5663536716496645
6023,60.23,0.4357127755949427
6024,60.24,0.5364091222792495
6025,60.25,0.4062817821563529
6026,60.26,0.9197091806436049
6027,60.27,0.19217607227033817
6028,60.28,0.23909942323747727
6029,60.29,0.2990021515519633
6030,60.3,0.2695751064687673
6031,60.31,0.9073510594873851
6032,60.32,0.6520855234614575
6033,60.33,0.8482745636794394
6034,60.34,0.5730875422169475
6035,60.35,0.5788860882914991
6036,60.36,0.5960015455785274
6037,60.37,0.7806760692769457
6038,60.38,0.20257006269404015
6039,60.39,0.5144422227474156
6040,60.4,0.16876029301367015
6041,60.41,0.836960269645668
6042,60.42,0.9310687774095047
6043,60.43,0.5315664068861969
6044,60.44,0.380416119262171
6045,60.45,0.4263117091738625
6046,60.46,0.8353348329495199
6047,60.47,0.9007537468435135
6048,60.48,0.6378837754637673
6049,60.49,0.7872305912755452
6050,60.5,0.4078406166656795
6051,60.51,0.7389053946302521
6052,60.52,0.12588358350108705
6053,60.53,0.8331166975702137
6054,60.54,0.30012206297995914
6055,60.55,0.8711336882771538
6056,60.56,0.22812340273888737
6057,60.57,0.30391698760304964
6058,60.58,0.21280976302070095
6059,60.59,0.21719642715900095
6060,60.6,0.1707444659048658
6061,60.61,0.7217363229894735
6062,60.62,0.8056267507415262
6063,60.63,0.16996176776979682
6064,60.64,0.7972230772363349
6065,60.65,0.7816006309399212
6066,60.66,0.13826524672445575
6067,60.67,0.1970356436782586
6068,60.68,0.8137496634856608
6069,60.69,0.5621312732536983
6070,60.7,0.1533387133641102
6071,60.71,0.20702999619898474
6072,60.72,0.32771122410113623
6073,60.73,0.15962262504906372
6074,60.74,0.7008277811798836
6075,60.75,0.7790952443097027
6076,60.76,0.8041337327019438
6077,60.77,0.92808826373229
6078,60.78,0.28486106789739973
6079,60.79,0.9110573804380148
6080,60.8,0.2663036421205146
6081,60.81,0.4163802998239786
6082,60.82,0.18170138173551317
6083,60.83,0.8612753702072665
6084,60.84,0.9476604815545535
6085,60.85,0.9539124445749537
6086,60.86,0.41305288759606285
6087,60.87,0.2445016024233719
6088,60.88,0.550570973774209
6089,60.89,0.7556986805175303
6090,60.9,0.31764026995314876
6091,60.91,0.613211821477885
6092,60.92,0.18919511614462622
6093,60.93,0.6203203103461834
6094,60.94,0.11258588042821635
6095,60.95,0.2952982682304864
6096,60.96,0.2723927681731986
6097,60.97,0.35367111231830795
6098,60.98,0.9114942623571759
6099,60.99,0.5834138401142958
6100,61.0,0.976221913492787
6101,61.01,0.1888171466574735
6102,61.02,0.29261384776554594
6103,61.03,0.5537757446331316
6104,61.04,0.7369804816487726
6105,61.05,0.4298167230808706
6106,61.06,0.630442514021793
6107,61.07,0.49569924627373463
6108,61.08,0.9619729622944597
6109,61.09,0.2627636838798816
6110,61.1,0.41934011044480657
6111,61.11,0.4416535510248144
6112,61.12,0.29284660043437705
6113,61.13,0.3047987913103414
6114,61.14,0.201560930797968
6115,61.15,0.9861514753315765
6116,61.16,0.21125386222684026
6117,61.17,0.19928454509194804
6118,61.18,0.22232113291497832
6119,61.19,0.7860463114464685
6120,61.2,0.7342578236717293
6121,61.21,0.6014189105475166
6122,61.22,0.1365477068276938
6123,61.23,0.3953038665975743
6124,61.24,0.20415034626650064
6125,61.25,0.355250298315668
6126,61.26,0.64035055758474
6127,61.27,0.38080621971444706
6128,61.28,0.9785611425115254
6129,61.29,0.4995602831489301
6130,61.3,0.5985243019949943
6131,61.31,0.3615303925161517
6132,61.32,0.8698291002598815
6133,61.33,0.2699064871005444
6134,61.34,0.16264824126123764
6135,61.35,0.8569524476095495
6136,61.36,0.5281091171888546
6137,61.37,0.7112179974518511
6138,61.38,0.2613675550483708
6139,61.39,0.9988509931172654
6140,61.4,0.5424835361904348
6141,61.41,0.19465469611237035
6142,61.42,0.49425251536366444
6143,61.43,0.6926934369569033
6144,61.44,0.17650531908345268
6145,61.45,0.229030805493372
6146,61.46,0.46056185905287716
6147,61.47,0.6315015090988112
6148,61.48,0.19154994090861777
6149,61.49,0.9327612839876478
6150,61.5,0.9800679963219977
6151,61.51,0.1582393700431212
6152,61.52,0.977686744773222
6153,61.53,0.4047684817033793
6154,61.54,0.6354647469492744
6155,61.55,0.9915951867689201
6156,61.56,0.2104859509287973
6157,61.57,0.8542982182073129
6158,61.58,0.7526804502993755
6159,61.59,0.3506664990509697
6160,61.6,0.7421444266242901
6161,61.61,0.623726761596538
6162,61.62,0.3456755115141917
6163,61.63,0.8105434590644076
6164,61.64,0.679448060310651
6165,61.65,0.46021197602516095
6166,61.66,0.5282436549664237
6167,61.67,0.6428488891953597
6168,61.68,0.4639992392716622
6169,61.69,0.5360795733352979
6170,61.7,0.3510015698718778
6171,61.71,0.7911996000198369
6172,61.72,0.19723300121703038
6173,61.73,0.3256208743185345
6174,61.74,0.54754640391275
6175,61.75,0.6655339266967975
6176,61.76,0.2211475426461634
6177,61.77,0.18964305120720354
6178,61.78,0.14756717866123628
6179,61.79,0.16140580585838413
6180,61.8,0.7102966966038494
6181,61.81,0.9748652954487959
6182,61.82,0.44436968448851655
6183,61.83,0.7112839258779607
6184,61.84,0.23746298605559274
6185,61.85,0.6597700853713554
6186,61.86,0.18670026573653742
6187,61.87,0.16886553313562674
6188,61.88,0.7764487718638331
6189,61.89,0.7908148977381643
6190,61.9,0.8134582737044963
6191,61.91,0.2817385790065425
6192,61.92,0.6958839099713351
6193,61.93,0.541225324230755
6194,61.94,0.3354987463965587
6195,61.95,0.4092540847400832
6196,61.96,0.873705080795855
6197,61.97,0.5919580304317426
6198,61.98,0.9573224454191954
6199,61.99,0.12843867087096275
6200,62.0,0.4873657650657973
6201,62.01,0.9234452426971547
6202,62.02,0.44526688907372924
6203,62.03,0.38310327803780775
6204,62.04,0.43870290665552414
6205,62.05,0.5136906149415896
6206,62.06,0.12957381650196204
6207,62.07,0.6009998954346024
6208,62.08,0.8743246324467974
6209,62.09,0.3727401144521698
6210,62.1,0.7354532833973304
6211,62.11,0.5423316477806345
6212,62.12,0.22103941799114418
6213,62.13,0.7441508706671925
6214,62.14,0.5387094340295346
6215,62.15,0.19844379359461137
6216,62.16,0.7075221221260602
6217,62.17,0.6940707303464823
6218,62.18,0.7168367503989722
6219,62.19,0.6149892100903134
6220,62.2,0.5283199497016509
6221,62.21,0.8689163225939859
6222,62.22,0.5560165438813225
6223,62.23,0.4522463376600435
6224,62.24,0.5452220174069747
6225,62.25,0.9737836825848961
6226,62.26,0.6552457087400481
6227,62.27,0.41748739324378736
6228,62.28,0.9800046500265135
6229,62.29,0.3884345051294683
6230,62.3,0.1253322879330596
6231,62.31,0.14060660686625728
6232,62.32,0.8532407367957315
6233,62.33,0.41398910901396035
6234,62.34,0.7678514206824472
6235,62.35,0.12420985839273492
6236,62.36,0.9022086014050074
6237,62.37,0.4071308720299307
6238,62.38,0.18761504430572212
6239,62.39,0.41062872478925416
6240,62.4,0.4216294726039218
6241,62.41,0.41614233442250126
6242,62.42,0.6951160052404254
6243,62.43,0.32285253786414764
6244,62.44,0.683274542397928
6245,62.45,0.6332785001132455
6246,62.46,0.9193501168429266
6247,62.47,0.15895021246407895
6248,62.48,0.37442121060955647
6249,62.49,0.4038348313629726
6250,62.5,0.11774079117607417
6251,62.51,0.3935051540556539
6252,62.52,0.5148184477686212
6253,62.53,0.877031669618381
6254,62.54,0.6112444643920946
6255,62.55,0.9112688606907081
6256,62.56,0.33995699672670693
6257,62.57,0.7263626286590837
6258,62.58,0.6291903102398871
6259,62.59,0.9871883033578314
6260,62.6,0.43996383408694106
6261,62.61,0.45127071134879604
6262,62.62,0.6152847803231559
6263,62.63,0.827493911530992
6264,62.64,0.19005101488364903
6265,62.65,0.707600165794175
6266,62.66,0.40237071623696574
6267,62.67,0.552491670327719
6268,62.68,0.7884135104764163
6269,62.69,0.4055854823437668
6270,62.7,0.6533450861988127
6271,62.71,0.4270008748209847
6272,62.72,0.49239201904522456
6273,62.73,0.5472565402977152
6274,62.74,0.8626006847373883
6275,62.75,0.8084346478267689
6276,62.76,0.8563424398399954
6277,62.77,0.5822506211152083
6278,62.78,0.3586200031536787
6279,62.79,0.14277822500160514
6280,62.8,0.9966049240244077
6281,62.81,0.461824616969695
6282,62.82,0.3032973793306578
6283,62.83,0.7685992230634909
6284,62.84,0.18276205171597115
6285,62.85,0.8597681956021035
6286,62.86,0.18526025364308196
6287,62.87,0.40315425504765245
6288,62.88,0.1605427988602628
6289,62.89,0.8210671043243801
6290,62.9,0.5277415304213412
6291,62.91,0.2887652427895727
6292,62.92,0.8160865744128483
6293,62.93,0.6863831321996827
6294,62.94,0.37166231314968745
6295,62.95,0.8237140407407143
6296,62.96,0.4896194360935019
6297,62.97,0.5859528212399606
6298,62.98,0.28006928691925714
6299,62.99,0.4620708601634078
6300,63.0,0.6624674883770368
6301,63.01,0.5079057447940426
6302,63.02,0.7870979934394824
6303,63.03,0.2625407657981434
6304,63.04,0.11674298990562215
6305,63.05,0.7329984811291225
6306,63.06,0.8764388260832805
6307,63.07,0.6191589657163863
6308,63.08,0.29165752451662413
6309,63.09,0.9659053671473055
6310,63.1,0.7679872098884932
6311,63.11,0.5205657820488688
6312,63.12,0.9434466330270002
6313,63.13,0.5794474015238891
6314,63.14,0.6529800680838315
6315,63.15,0.7922072486292738
6316,63.16,0.4903520363656605
6317,63.17,0.6095047984566804
6318,63.18,0.6640826244197301
6319,63.19,0.5700426271601261
6320,63.2,0.42784720224319417
6321,63.21,0.2329693199421208
6322,63.22,0.23542538860283913
6323,63.23,0.7167759730590662
6324,63.24,0.37024810731194757
6325,63.25,0.4918499057682919
6326,63.26,0.3867878621382068
6327,63.27,0.8471929425002933
6328,63.28,0.15798477657537707
6329,63.29,0.28320223734803707
6330,63.3,0.4711945417541361
6331,63.31,0.8413396340484927
6332,63.32,0.6814383882621368
6333,63.33,0.3308019713921056
6334,63.34,0.6411090427079561
6335,63.35,0.46527934532340676
6336,63.36,0.20220271896545605
6337,63.37,0.27272441033224576
6338,63.38,0.3210279488365373
6339,63.39,0.8445059417149909
6340,63.4,0.517743730819554
6341,63.41,0.603842509479551
6342,63.42,0.49251961991054727
6343,63.43,0.6822298460832987
6344,63.44,0.13330336125039646
6345,63.45,0.2434226397085247
6346,63.46,0.22278756593337412
6347,63.47,0.33255716272222136
6348,63.48,0.8231843646615354
6349,63.49,0.6928036413761638
6350,63.5,0.2583866997053059
6351,63.51,0.8672689157576049
6352,63.52,0.9674082014726594
6353,63.53,0.5372577689886866
6354,63.54,0.11791786737586961
6355,63.55,0.8736256026242295
6356,63.56,0.17553658695902144
6357,63.57,0.6414397661997471
6358,63.58,0.8804546017737949
6359,63.59,0.9105173964767129
6360,63.6,0.46630616640371014
6361,63.61,0.42709082070369164
6362,63.62,0.6916875429238931
6363,63.63,0.18127566320602248
6364,63.64,0.9488459278332398
6365,63.65,0.7518110078459623
6366,63.66,0.22650413671461517
6367,63.67,0.2007391275009217
6368,63.68,0.761032366381762
6369,63.69,0.9396419026596721
6370,63.7,0.56976180298474
6371,63.71,0.8460834244070781
6372,63.72,0.9547070503056367
6373,63.73,0.9384000627155163
6374,63.74,0.3266272525996416
6375,63.75,0.8961083760948769
6376,63.76,0.31426916971682894
6377,63.77,0.2100491501083358
6378,63.78,0.8260185210560954
6379,63.79,0.3963573198698517
6380,63.8,0.6258935985230857
6381,63.81,0.45095560196978923
6382,63.82,0.7735368063268294
6383,63.83,0.3123442712571478
6384,63.84,0.4805820986345972
6385,63.85,0.2298501178334103
6386,63.86,0.25763882989211206
6387,63.87,0.9729311283461197
6388,63.88,0.4955278714562803
6389,63.89,0.3288753284261371
6390,63.9,0.6305328499550585
6391,63.91,0.5413227221378905
6392,63.92,0.4372344861153956
6393,63.93,0.9538398005192369
6394,63.94,0.38484095179416633
6395,63.95,0.4814031848860435
6396,63.96,0.7144646027811766
6397,63.97,0.9669838059690623
6398,63.98,0.8914901867944443
6399,63.99,0.9432750622214405
6400,64.0,0.4266982110418349
6401,64.01,0.744104106209914
6402,64.02,0.839228829572754
6403,64.03,0.11896678940100831
6404,64.04,0.9701246434055751
6405,64.05,0.6452332595834768
6406,64.06,0.8573256698660906
6407,64.07,0.6960010909963189
6408,64.08,0.9467634487837933
6409,64.09,0.7216142097541061
6410,64.1,0.8099224396380688
6411,64.11,0.3157082462883338
6412,64.12,0.597455112980464
6413,64.13,0.3783416515220266
6414,64.14,0.9626352506172293
6415,64.15,0.4265695885780556
6416,64.16,0.8310252690071128
6417,64.17,0.20984839187130044
6418,64.18,0.8802576416190244
6419,64.19,0.8718824252349325
6420,64.2,0.4496239133706651
6421,64.21,0.9188101899972049
6422,64.22,0.45367801140812525
6423,64.23,0.9801935689608307
6424,64.24,0.3299803210109423
6425,64.25,0.1812252949378651
6426,64.26,0.8404369531646455
6427,64.27,0.3119144094562576
6428,64.28,0.28934784213807474
6429,64.29,0.9012220549896695
6430,64.3,0.9243017211181019
6431,64.31,0.6682174323906445
6432,64.32,0.8915205227659865
6433,64.33,0.7900668105482053
6434,64.34,0.4656599343596821
6435,64.35,0.13049351309711382
6436,64.36,0.8798001294738433
6437,64.37,0.8408780023568199
6438,64.38,0.9464458781668743
6439,64.39,0.5239821550492031
6440,64.4,0.4716651866871676
6441,64.41,0.8570471197325735
6442,64.42,0.7456474161157712
6443,64.43,0.8890851045153406
6444,64.44,0.8382171794053614
6445,64.45,0.8419607791625634
6446,64.46,0.72863396879191
6447,64.47,0.5557010625282712
6448,64.48,0.41667071192550265
6449,64.49,0.6419043478094669
6450,64.5,0.8320852435600381
6451,64.51,0.7640069685436153
6452,64.52,0.5079355778223954
6453,64.53,0.12461580400003414
6454,64.54,0.14688894061174623
6455,64.55,0.6774332602721874
6456,64.56,0.6671407073666488
6457,64.57,0.8119173860325584
6458,64.58,0.2224830009249465
6459,64.59,0.4605956649785323
6460,64.6,0.6654666459187327
6461,64.61,0.3823496223854155
6462,64.62,0.17400884628106186
6463,64.63,0.24204019549968242
6464,64.64,0.5647293019459213
6465,64.65,0.9726981281552212
6466,64.66,0.8475592433233746
6467,64.67,0.7868464329621468
6468,64.68,0.8622643868223914
6469,64.69,0.7171780405140264
6470,64.7,0.8133780654182761
6471,64.71,0.38745921631411395
6472,64.72,0.5305289319616202
6473,64.73,0.7616548979294212
6474,64.74,0.33461189162828864
6475,64.75,0.7187201845177886
6476,64.76,0.8440917484076499
6477,64.77,0.8195758011461615
6478,64.78,0.27879734766452796
6479,64.79,0.4730467820975155
6480,64.8,0.2637003284256515
6481,64.81,0.888751011636764
6482,64.82,0.950281439358079
6483,64.83,0.8959072873991094
6484,64.84,0.30203842013076815
6485,64.85,0.9532982954433045
6486,64.86,0.9308011166950835
6487,64.87,0.6823960203737232
6488,64.88,0.6639646217661836
6489,64.89,0.9161603024607815
6490,64.9,0.9767148145748853
6491,64.91,0.2784395824045304
6492,64.92,0.7311350387830122
6493,64.93,0.25188036072853703
6494,64.94,0.4609314199999246
6495,64.95,0.4860130313065161
6496,64.96,0.3341420019740319
6497,64.97,0.18015514062516075
6498,64.98,0.4311281386994614
6499,64.99,0.9525191576072469
6500,65.0,0.20561546692776242
6501,65.01,0.7467250814531291
6502,65.02,0.49164286178367866
6503,65.03,0.9279901440103082
6504,65.04,0.508337078575281
6505,65.05,0.7062490384633402
6506,65.06,0.20666111411180754
6507,65.07,0.7422073407682093
6508,65.08,0.27148974874203713
6509,65.09,0.8757430518572865
6510,65.1,0.8039097490875613
6511,65.11,0.35916577556579354
6512,65.12,0.5447513419677776
6513,65.13,0.21717939815057608
6514,65.14,0.8707039548899632
6515,65.15,0.6400745078475023
6516,65.16,0.9956867049759626
6517,65.17,0.3546705205294285
6518,65.18,0.709469786066017
6519,65.19,0.47649789200971193
6520,65.2,0.46767169172478595
6521,65.21,0.23134856690388772
6522,65.22,0.36117366536345596
6523,65.23,0.3356195175046999
6524,65.24,0.6559122160515116
6525,65.25,0.9165954114756447
6526,65.26,0.4326739655778763
6527,65.27,0.7158403775283099
6528,65.28,0.5123477002767086
6529,65.29,0.10928821803624517
6530,65.3,0.21988444242104233
6531,65.31,0.39092138168930446
6532,65.32,0.7237212021484914
6533,65.33,0.7181672043427519
6534,65.34,0.7420023541535877
6535,65.35,0.7376078499925274
6536,65.36,0.7624936948528613
6537,65.37,0.3306030345391486
6538,65.38,0.18575147987380602
6539,65.39,0.15287708228007965
6540,65.4,0.3995762865093212
6541,65.41,0.31135729569076875
6542,65.42,0.9174038836275898
6543,65.43,0.9970654930601791
6544,65.44,0.9453897461571722
6545,65.45,0.9704888598771665
6546,65.46,0.6384088593617778
6547,65.47,0.7734176563387188
6548,65.48,0.14096068445462645
6549,65.49,0.32829119454389655
6550,65.5,0.6576920892510109
6551,65.51,0.3722566200775763
6552,65.52,0.4552271329174624
6553,65.53,0.43381109177331934
6554,65.54,0.9712520294115197
6555,65.55,0.6036043497697449
6556,65.56,0.6224382189023122
6557,65.57,0.3342624869412172
6558,65.58,0.5533720496561813
6559,65.59,0.9372942470405925
6560,65.6,0.8901070767736164
6561,65.61,0.2187275803140043
6562,65.62,0.38558564811371276
6563,65.63,0.5773814208033434
6564,65.64,0.2276161606190011
6565,65.65,0.20515785054819763
6566,65.66,0.13974594533938867
6567,65.67,0.21508434526092968
6568,65.68,0.8845116032364542
6569,65.69,0.8513236340351445
6570,65.7,0.7730410309473648
6571,65.71,0.9336133382251666
6572,65.72,0.3546329573729142
6573,65.73,0.8892427469558621
6574,65.74,0.6516384135680665
6575,65.75,0.7854075270447521
6576,65.76,0.3373821464573995
6577,65.77,0.38170928427724404
6578,65.78,0.9034046288466858
6579,65.79,0.3839886275170915
6580,65.8,0.9951085592966326
6581,65.81,0.787307872288269
6582,65.82,0.23613827154120232
6583,65.83,0.8677302951407992
6584,65.84,0.6916775299086195
6585,65.85,0.8183981649278896
6586,65.86,0.1478999694438871
6587,65.87,0.23375872633688483
6588,65.88,0.306874491012299
6589,65.89,0.1322760233523158
6590,65.9,0.3342015672266443
6591,65.91,0.7353665763170983
6592,65.92,0.49278687987045666
6593,65.93,0.99568156902237
6594,65.94,0.9344857070253767
6595,65.95,0.13671253768628622
6596,65.96,0.42086810462129653
6597,65.97,0.7381262280402262
6598,65.98,0.5366795630155782
6599,65.99,0.5436896950099006
6600,66.0,0.8612545158549216
6601,66.01,0.8801913703475024
6602,66.02,0.2112888106304695
6603,66.03,0.18422009038448578
6604,66.04,0.8813557986595094
6605,66.05,0.26258946770026004
6606,66.06,0.25146550144957736
6607,66.07,0.557863987537582
6608,66.08,0.3455123983839351
6609,66.09,0.9018050700189464
6610,66.1,0.6271096616324524
6611,66.11,0.6251926518842882
6612,66.12,0.9744646191873636
6613,66.13,0.5734138659399961
6614,66.14,0.6137090300210711
6615,66.15,0.4747770922509721
6616,66.16,0.1691519165153927
6617,66.17,0.7914280842863001
6618,66.18,0.7092176644867263
6619,66.19,0.898630928216815
6620,66.2,0.12336595174560783
6621,66.21,0.7131811103463248
6622,66.22,0.7125754684939373
6623,66.23,0.4547528224900549
6624,66.24,0.6313046480434655
6625,66.25,0.9560978650708714
6626,66.26,0.8532794877229967
6627,66.27,0.2383979218154181
6628,66.28,0.17295691307045408
6629,66.29,0.8476293030152915
6630,66.3,0.6935853908350288
6631,66.31,0.5086499636286576
6632,66.32,0.959681377875705
6633,66.33,0.6347838334158485
6634,66.34,0.10522482467058468
6635,66.35,0.9727934624214641
6636,66.36,0.6905554813156155
6637,66.37,0.9558063716276869
6638,66.38,0.3924239214709144
6639,66.39,0.7583906956005021
6640,66.4,0.7608876035823712
6641,66.41,0.9616625012258448
6642,66.42,0.6122425922482324
6643,66.43,0.29023017493598874
6644,66.44,0.14381402374358598
6645,66.45,0.6792796265680984
6646,66.46,0.3908537620181759
6647,66.47,0.14998152158722272
6648,66.48,0.16365168014497006
6649,66.49,0.9567101697777388
6650,66.5,0.4432518369204991
6651,66.51,0.4589726472619735
6652,66.52,0.2602097207015165
6653,66.53,0.968544378830416
6654,66.54,0.878963959656846
6655,66.55,0.18026947690889855
6656,66.56,0.8671112499192392
6657,66.57,0.24664661548772907
6658,66.58,0.8015432906311498
6659,66.59,0.35644230009951594
6660,66.6,0.7773027096613436
6661,66.61,0.6886578689420312
6662,66.62,0.20854178569236392
6663,66.63,0.5417605878486512
6664,66.64,0.48912257747575894
6665,66.65,0.8257178763265149
6666,66.66,0.37909117649019397
6667,66.67,0.7164657476779985
6668,66.68,0.21815800162508958
6669,66.69,0.6989682665951575
6670,66.7,0.8488475868903931
6671,66.71,0.5613879030934285
6672,66.72,0.5406607322461767
6673,66.73,0.8968717347776932
6674,66.74,0.5287957179667909
6675,66.75,0.6067513692401846
6676,66.76,0.48076352239549247
6677,66.77,0.780841579141339
6678,66.78,0.829894923652801
6679,66.79,0.6524810051003117
6680,66.8,0.4906953302593353
6681,66.81,0.48341538893917735
6682,66.82,0.1363942806572267
6683,66.83,0.40757036265689595
6684,66.84,0.5171723880529108
6685,66.85,0.30180719109512527
6686,66.86,0.717612882273435
6687,66.87,0.23956273077130952
6688,66.88,0.5457900283824715
6689,66.89,0.6666036232002291
6690,66.9,0.5722100054887913
6691,66.91,0.3616327220305595
6692,66.92,0.4936199670379222
6693,66.93,0.9164869399472342
6694,66.94,0.5298502286549951
6695,66.95,0.23374588478928515
6696,66.96,0.2150107735088656
6697,66.97,0.9126132567999347
6698,66.98,0.8573841588481378
6699,66.99,0.5707828513157265
6700,67.0,0.36593347051502856
6701,67.01,0.14295544695775875
6702,67.02,0.16887926776388146
6703,67.03,0.14058541329259475
6704,67.04,0.196868954297799
6705,67.05,0.48242216908721225
6706,67.06,0.18503592623912424
6707,67.07,0.6947697285434529
6708,67.08,0.611630389329361
6709,67.09,0.3280422979586711
6710,67.1,0.3293741839156381
6711,67.11,0.17359260538058047
6712,67.12,0.553100110699548
6713,67.13,0.20254194189954206
6714,67.14,0.695420491073959
6715,67.15,0.2615969762769295
6716,67.16,0.26398732109828915
6717,67.17,0.45366160378406084
6718,67.18,0.17496150862147214
6719,67.19,0.8890798124219529
6720,67.2,0.3678827642094472
6721,67.21,0.6284875493622214
6722,67.22,0.5094983337940189
6723,67.23,0.7032338798415148
6724,67.24,0.6614293547499973
6725,67.25,0.33856695076227883
6726,67.26,0.9700476640932316
6727,67.27,0.8842103364244506
6728,67.28,0.26847256042034573
6729,67.29,0.2665786517441159
6730,67.3,0.7723263873455491
6731,67.31,0.6436475860579751
6732,67.32,0.8844542153631738
6733,67.33,0.19569759287252292
6734,67.34,0.5809384026834644
6735,67.35,0.10526236262500623
6736,67.36,0.205010434329317
6737,67.37,0.2545618160830503
6738,67.38,0.5294078865211213
6739,67.39,0.7226256069882395
6740,67.4,0.8819024688895447
6741,67.41,0.9692234268026213
6742,67.42,0.641698696116509
6743,67.43,0.5380502445438502
6744,67.44,0.6566494370387437
6745,67.45,0.9765297029545184
6746,67.46,0.42465590478178894
6747,67.47,0.7064228286357779
6748,67.48,0.7212640189200047
6749,67.49,0.45549751389158255
6750,67.5,0.37239099278205345
6751,67.51,0.21258054093720424
6752,67.52,0.11248832621963228
6753,67.53,0.20072125222065595
6754,67.54,0.11429672186396414
6755,67.55,0.9734683272942826
6756,67.56,0.8731108272383643
6757,67.57,0.28830653230104947
6758,67.58,0.6837608995336202
6759,67.59,0.6847658434331579
6760,67.6,0.49220962642044375
6761,67.61,0.6634532360164107
6762,67.62,0.8110103829557023
6763,67.63,0.2718230074456647
6764,67.64,0.37082608262262506
6765,67.65,0.5170829998951337
6766,67.66,0.526590178755606
6767,67.67,0.11963514540205104
6768,67.68,0.24949494385848792
6769,67.69,0.237180015928321
6770,67.7,0.7323382951374303
6771,67.71,0.9674801836650234
6772,67.72,0.524340278786905
6773,67.73,0.87381680089656
6774,67.74,0.6267036424455544
6775,67.75,0.2812045780222733
6776,67.76,0.6124874155708081
6777,67.77,0.8504546795231108
6778,67.78,0.14582996219743083
6779,67.79,0.10708685288129126
6780,67.8,0.6673688923036051
6781,67.81,0.7417835331604566
6782,67.82,0.9815382441440024
6783,67.83,0.8637546349028713
6784,67.84,0.7633704820334549
6785,67.85,0.6362555955199203
6786,67.86,0.5988740727240125
6787,67.87,0.36169707874443746
6788,67.88,0.5387468618133092
6789,67.89,0.5374908645601582
6790,67.9,0.6319353480052409
6791,67.91,0.6503457638751928
6792,67.92,0.7108011254263358
6793,67.93,0.8350203132694272
6794,67.94,0.5391113460713267
6795,67.95,0.7428612958985136
6796,67.96,0.5754779280507392
6797,67.97,0.47980409278544056
6798,67.98,0.38426513521321204
6799,67.99,0.15715951205092654
6800,68.0,0.9035894765218365
6801,68.01,0.47542371228506064
6802,68.02,0.526004174390783
6803,68.03,0.5453099203141556
6804,68.04,0.9450680284318465
6805,68.05,0.4120877020321253
6806,68.06,0.727762996350281
6807,68.07,0.11872623223960463
6808,68.08,0.3592097033082562
6809,68.09,0.27298116775092773
6810,68.1,0.40946265082284516
6811,68.11,0.3088928018277313
6812,68.12,0.29773211053679016
6813,68.13,0.9181631387507667
6814,68.14,0.40523769877524696
6815,68.15,0.6418901195236176
6816,68.16,0.8582204211032334
6817,68.17,0.6912623228253465
6818,68.18,0.21804271038514417
6819,68.19,0.364054637780007
6820,68.2,0.7402466673503376
6821,68.21,0.9638230314491314
6822,68.22,0.849772671215812
6823,68.23,0.7057965642754
6824,68.24,0.7611261689978093
6825,68.25,0.8163753973327007
6826,68.26,0.819779553069528
6827,68.27,0.8600781555907665
6828,68.28,0.6596581405884603
6829,68.29,0.354211493742673
6830,68.3,0.7743288716493003
6831,68.31,0.7003508071199117
6832,68.32,0.21618689861865337
6833,68.33,0.27953580052169175
6834,68.34,0.6451741065306005
6835,68.35,0.19081335301797248
6836,68.36,0.4743859257455857
6837,68.37,0.9943905118432087
6838,68.38,0.3732867040578054
6839,68.39,0.2884896472181936
6840,68.4,0.14234440251689476
6841,68.41,0.11631753610751087
6842,68.42,0.8928154962862075
6843,68.43,0.42133948735322857
6844,68.44,0.242744918594087
6845,68.45,0.845153819572296
6846,68.46,0.9050117235864029
6847,68.47,0.1287730069915502
6848,68.48,0.1572990276214575
6849,68.49,0.4875584162963357
6850,68.5,0.6558066293896826
6851,68.51,0.20861922953861428
6852,68.52,0.30168607486582366
6853,68.53,0.33203992690366907
6854,68.54,0.4062917925894053
6855,68.55,0.41971687892404574
6856,68.56,0.14200872252200097
6857,68.57,0.8899422824481138
6858,68.58,0.34074211200092674
6859,68.59,0.2360605364148865
6860,68.6,0.7211220241064288
6861,68.61,0.5638486984659771
6862,68.62,0.7025373011360154
6863,68.63,0.7357644255860136
6864,68.64,0.9339688886079263
6865,68.65,0.4940440358153596
6866,68.66,0.5114220758257985
6867,68.67,0.8574372766925983
6868,68.68,0.1998377604573502
6869,68.69,0.19530267345523203
6870,68.7,0.6495152894309927
6871,68.71,0.8039406319897522
6872,68.72,0.9526451445496174
6873,68.73,0.841249205218446
6874,68.74,0.1377724934859213
6875,68.75,0.1948699753756945
6876,68.76,0.666933504538636
6877,68.77,0.8837825267378062
6878,68.78,0.9198871934821798
6879,68.79,0.2413292926215704
6880,68.8,0.3629106889467464
6881,68.81,0.4973661190701143
6882,68.82,0.555306955043613
6883,68.83,0.7592967047053831
6884,68.84,0.18936481504787622
6885,68.85,0.6823836738419772
6886,68.86,0.40114677278134747
6887,68.87,0.22399521776054138
6888,68.88,0.8637355825431741
6889,68.89,0.4951976148238256
6890,68.9,0.47417485484702415
6891,68.91,0.792129847451514
6892,68.92,0.32078445815542356
6893,68.93,0.8282306941322759
6894,68.94,0.40718806280257147
6895,68.95,0.5545204554061265
6896,68.96,0.17671047552983504
6897,68.97,0.43519272166251965
6898,68.98,0.7793606912606041
6899,68.99,0.4245790657885101
6900,69.0,0.6984957294233601
6901,69.01,0.23645009307478093
6902,69.02,0.7781564539423975
6903,69.03,0.4795499884224994
6904,69.04,0.30536380353715187
6905,69.05,0.8215918107773406
6906,69.06,0.4720684768722806
6907,69.07,0.46837838745309957
6908,69.08,0.5128777575243747
6909,69.09,0.8671514314751309
6910,69.1,0.8151466117350665
6911,69.11,0.425596932689594
6912,69.12,0.1267866343134703
6913,69.13,0.23102587530863783
6914,69.14,0.10895384211736285
6915,69.15,0.8256221791030006
6916,69.16,0.9492785562770297
6917,69.17,0.176300393078277
6918,69.18,0.3833241146913601
6919,69.19,0.9837504319484187
6920,69.2,0.24789221354324403
6921,69.21,0.15532149563684788
6922,69.22,0.7832731465502408
6923,69.23,0.694158555047713
6924,69.24,0.6773191789974039
6925,69.25,0.9122600184165055
6926,69.26,0.1520288465914106
6927,69.27,0.6684468059393939
6928,69.28,0.7420325653192675
6929,69.29,0.6943254686015248
6930,69.3,0.567800526882671
6931,69.31,0.3661519823772815
6932,69.32,0.4618025362283331
6933,69.33,0.7127835916780781
6934,69.34,0.5982493854030351
6935,69.35,0.3738907206758554
6936,69.36,0.7684277518266864
6937,69.37,0.9183077678810181
6938,69.38,0.10711201015340685
6939,69.39,0.3518026702865039
6940,69.4,0.5750125620466541
6941,69.41,0.9284055324805947
6942,69.42,0.7302655574943443
6943,69.43,0.5015701456330076
6944,69.44,0.2846202142448856
6945,69.45,0.5899827619040289
6946,69.46,0.8095074210790448
6947,69.47,0.6868333786571729
6948,69.48,0.7277238690162118
6949,69.49,0.898907406856477
6950,69.5,0.8034067838183142
6951,69.51,0.46405513508513785
6952,69.52,0.2775661788350136
6953,69.53,0.37137827110180877
6954,69.54,0.13327315512068677
6955,69.55,0.4010436322614117
6956,69.56,0.7525888141020572
6957,69.57,0.766047000079513
6958,69.58,0.2134050813944841
6959,69.59,0.9927315725886166
6960,69.6,0.3555350735214432
6961,69.61,0.18353761107105349
6962,69.62,0.5966072662251232
6963,69.63,0.5692022786038964
6964,69.64,0.7813416918524873
6965,69.65,0.2440246062061158
6966,69.66,0.12510210276609213
6967,69.67,0.8169388293172373
6968,69.68,0.6332532415749219
6969,69.69,0.317205801226244
6970,69.7,0.7967420084293774
6971,69.71,0.7538583217596359
6972,69.72,0.9882592302169436
6973,69.73,0.19939771561911368
6974,69.74,0.1539511647628627
6975,69.75,0.4356809812320829
6976,69.76,0.6642905790861654
6977,69.77,0.4190260113137343
6978,69.78,0.1429595856435891
6979,69.79,0.6858661774337942
6980,69.8,0.21227482485669247
6981,69.81,0.36816500138634256
6982,69.82,0.7631728262058799
6983,69.83,0.5078324444970657
6984,69.84,0.9846555062568753
6985,69.85,0.8248488058982957
6986,69.86,0.99010007100876
6987,69.87,0.6090375039218545
6988,69.88,0.9049050081058254
6989,69.89,0.6649699166340267
6990,69.9,0.5799597908559903
6991,69.91,0.6359940231625296
6992,69.92,0.41530342153669486
6993,69.93,0.3560819454508284
6994,69.94,0.8063103365419158
6995,69.95,0.743369021382102
6996,69.96,0.7051904218343968
6997,69.97,0.742915880977356
6998,69.98,0.5676999827009521
6999,69.99,0.32286999817717243
7000,70.0,0.3950622667730349
7001,70.01,0.6241321412719766
7002,70.02,0.8405584506742251
7003,70.03,0.4251407795315879
7004,70.04,0.18818904855771307
7005,70.05,0.7404763786727407
7006,70.06,0.8455938664886925
7007,70.07,0.1737524470912199
7008,70.08,0.1559743052899692
7009,70.09,0.8996583671648575
7010,70.1,0.5286277643837479
7011,70.11,0.5015476783384786
7012,70.12,0.43236479468003064
7013,70.13,0.5736300428396339
7014,70.14,0.6294155121078461
7015,70.15,0.5670504994760621
7016,70.16,0.45530422765622525
7017,70.17,0.33732433859909616
7018,70.18,0.5489445751370119
7019,70.19,0.4810799754922136
7020,70.2,0.4960719594368045
7021,70.21,0.9379320468979926
7022,70.22,0.5405869600068424
7023,70.23,0.975945234859214
7024,70.24,0.8414306472730524
7025,70.25,0.2299115632117338
7026,70.26,0.21441158008789984
7027,70.27,0.7400355108972007
7028,70.28,0.2164466691853748
7029,70.29,0.7340722163160661
7030,70.3,0.8769444918351396
7031,70.31,0.20625234190392222
7032,70.32,0.2913782850644673
7033,70.33,0.5260200055639941
7034,70.34,0.7718466754343787
7035,70.35,0.9496626049512924
7036,70.36,0.4323988536710115
7037,70.37,0.9566395774996984
7038,70.38,0.6414401923647971
7039,70.39,0.4677578732319365
7040,70.4,0.20877978528013352
7041,70.41,0.6145882789837681
7042,70.42,0.13625392742827347
7043,70.43,0.2379740596262216
7044,70.44,0.4343206187667856
7045,70.45,0.9919180910066797
7046,70.46,0.3729340744360027
7047,70.47,0.5373329864828289
7048,70.48,0.8120833309634212
7049,70.49,0.2279258251593504
7050,70.5,0.630661819723109
7051,70.51,0.143785941922207
7052,70.52,0.9048276355463829
7053,70.53,0.9001514856154774
7054,70.54,0.2940233101306067
7055,70.55,0.8372125623054377
7056,70.56,0.5399142906209616
7057,70.57,0.2100951149522034
7058,70.58,0.41378404915934863
7059,70.59,0.8833838823453651
7060,70.6,0.4758176388819425
7061,70.61,0.6157531826103604
7062,70.62,0.6091875784630848
7063,70.63,0.9102585591676899
7064,70.64,0.8032144139675428
7065,70.65,0.5277047935948818
7066,70.66,0.7480301458412045
7067,70.67,0.6451387391949344
7068,70.68,0.7857561083485936
7069,70.69,0.5542874751449692
7070,70.7,0.5148425481133975
7071,70.71,0.5049364522136649
7072,70.72,0.504167264953884
7073,70.73,0.8797109973063896
7074,70.74,0.3926946578948458
7075,70.75,0.8198304590753718
7076,70.76,0.698052081176866
7077,70.77,0.4686654943861932
7078,70.78,0.3095400550232826
7079,70.79,0.4558574162803448
7080,70.8,0.5868950057121942
7081,70.81,0.9622715428724844
7082,70.82,0.9010388485996915
7083,70.83,0.7623215150061069
7084,70.84,0.6813248766934641
7085,70.85,0.87935821599553
7086,70.86,0.7364877635413682
7087,70.87,0.6147953142754605
7088,70.88,0.8165429032924445
7089,70.89,0.7366589641419296
7090,70.9,0.6049399195659437
7091,70.91,0.21140345021726759
7092,70.92,0.6034175409126046
7093,70.93,0.27318406000473716
7094,70.94,0.6568336493346907
7095,70.95,0.6191700248558346
7096,70.96,0.14758694739314554
7097,70.97,0.6132199449060739
7098,70.98,0.2704562855921888
7099,70.99,0.5282521229414263
7100,71.0,0.9071778522193257
7101,71.01,0.20825485879502414
7102,71.02,0.9425636289914957
7103,71.03,0.26176906128331334
7104,71.04,0.1170762251873781
7105,71.05,0.8080813414247668
7106,71.06,0.3207580249512307
7107,71.07,0.7350559320675261
7108,71.08,0.8988902458667566
7109,71.09,0.4998065224005517
7110,71.1,0.8262289217128566
7111,71.11,0.6461693390338722
7112,71.12,0.46161807872357763
7113,71.13,0.14048527957741716
7114,71.14,0.8757769021426433
7115,71.15,0.12093692351848556
7116,71.16,0.4933156778101415
7117,71.17,0.47344278113284133
7118,71.18,0.8736835693948833
7119,71.19,0.3856441918299338
7120,71.2,0.3314600138509466
7121,71.21,0.20318016172802078
7122,71.22,0.18940026974381013
7123,71.23,0.25134039340031555
7124,71.24,0.22963082763852205
7125,71.25,0.32999907278622853
7126,71.26,0.18066570713225472
7127,71.27,0.3761147965263445
7128,71.28,0.4665487908627668
7129,71.29,0.2522719431893703
7130,71.3,0.6530278858915791
7131,71.31,0.3927616265662912
7132,71.32,0.12445407317556854
7133,71.33,0.15265160402820926
7134,71.34,0.45094574011020205
7135,71.35,0.388037317456413
7136,71.36,0.4715405307986581
7137,71.37,0.39179601171717693
7138,71.38,0.4379618424729985
7139,71.39,0.8449672587927531
7140,71.4,0.2088696371517353
7141,71.41,0.282303512213086
7142,71.42,0.7769203650750529
7143,71.43,0.6274261691633016
7144,71.44,0.5436814968120988
7145,71.45,0.7771509807853335
7146,71.46,0.44654381166712453
7147,71.47,0.203573234694889
7148,71.48,0.15456878011303246
7149,71.49,0.5183411799207998
7150,71.5,0.4663688172318965
7151,71.51,0.535754358962296
7152,71.52,0.46674441076954576
7153,71.53,0.3103664101836203
7154,71.54,0.8975403064248006
7155,71.55,0.3422437645395676
7156,71.56,0.9671272190478103
7157,71.57,0.707587686116684
7158,71.58,0.32168448631972413
7159,71.59,0.5992367050528215
7160,71.6,0.806692767985271
7161,71.61,0.3741515577690383
7162,71.62,0.4660713292761447
7163,71.63,0.17551752002276527
7164,71.64,0.6722190950094844
7165,71.65,0.2831112161620961
7166,71.66,0.9711203614483053
7167,71.67,0.4359746984123868
7168,71.68,0.986777843917679
7169,71.69,0.8038212963986794
7170,71.7,0.5837820668321204
7171,71.71,0.48137721095395747
7172,71.72,0.9203434586497918
7173,71.73,0.5065678010703092
7174,71.74,0.10090095275178057
7175,71.75,0.5181868483498916
7176,71.76,0.8464346063036987
7177,71.77,0.360324509350605
7178,71.78,0.9748736236292385
7179,71.79,0.10048863853631552
7180,71.8,0.9401561344387355
7181,71.81,0.5339676338879216
7182,71.82,0.6380809763506059
7183,71.83,0.8555389494597764
7184,71.84,0.44213816299526154
7185,71.85,0.41627612827863403
7186,71.86,0.6689862466713691
7187,71.87,0.6266432498143298
7188,71.88,0.5592955794422341
7189,71.89,0.14093625728245573
7190,71.9,0.7652646510353711
7191,71.91,0.6067734201471634
7192,71.92,0.3705745136793225
7193,71.93,0.455774411027032
7194,71.94,0.21067926844543433
7195,71.95,0.22568524146502014
7196,71.96,0.6008311733524435
7197,71.97,0.35151246853509066
7198,71.98,0.4887661888432886
7199,71.99,0.649400778519647
7200,72.0,0.9616754563290693
7201,72.01,0.38647354763402375
7202,72.02,0.7138908963715107
7203,72.03,0.40837173068264787
7204,72.04,0.3352244800454103
7205,72.05,0.7774246009959183
7206,72.06,0.5074462730118022
7207,72.07,0.3213354564908841
7208,72.08,0.9847197524419011
7209,72.09,0.4074668242749684
7210,72.1,0.5138194073967145
7211,72.11,0.6395623005599641
7212,72.12,0.11428715454501216
7213,72.13,0.7226605543520537
7214,72.14,0.6817989627274275
7215,72.15,0.1018427621417349
7216,72.16,0.5288760550607094
7217,72.17,0.9113004945860859
7218,72.18,0.7054357637180568
7219,72.19,0.47184672951855944
7220,72.2,0.9057413594934414
7221,72.21,0.7329697075492071
7222,72.22,0.7862187173479197
7223,72.23,0.5843183083313249
7224,72.24,0.8085747114498038
7225,72.25,0.6841875485043214
7226,72.26,0.16977080467927746
7227,72.27,0.1278527684756738
7228,72.28,0.8488754781667213
7229,72.29,0.7044517703403465
7230,72.3,0.705021321856037
7231,72.31,0.41769525911536154
7232,72.32,0.8315031225885361
7233,72.33,0.8447201515822096
7234,72.34,0.4221691664164955
7235,72.35,0.2594679732265413
7236,72.36,0.791169259925803
7237,72.37,0.727327120940506
7238,72.38,0.10758823836063948
7239,72.39,0.5164232785510463
7240,72.4,0.9426230644709749
7241,72.41,0.5001198910804612
7242,72.42,0.2993686882319301
7243,72.43,0.11780350269808539
7244,72.44,0.35302103543653274
7245,72.45,0.9292588206997364
7246,72.46,0.4220389170375505
7247,72.47,0.18096986736843534
7248,72.48,0.6520984378659196
7249,72.49,0.37286067923585353
7250,72.5,0.7460285767840811
7251,72.51,0.3108321494021058
7252,72.52,0.5444278044295822
7253,72.53,0.42669926086899956
7254,72.54,0.35268072220350855
7255,72.55,0.9140568311038831
7256,72.56,0.7362712058829088
7257,72.57,0.28817768921272346
7258,72.58,0.27647811461863797
7259,72.59,0.8390111235871351
7260,72.6,0.4564775615919521
7261,72.61,0.882924609255886
7262,72.62,0.6121920082739969
7263,72.63,0.5446101892995043
7264,72.64,0.5966066686391326
7265,72.65,0.6938545790682237
7266,72.66,0.6091363430392592
7267,72.67,0.7141452412506587
7268,72.68,0.6086262103764412
7269,72.69,0.15882456250003074
7270,72.7,0.2154217553986318
7271,72.71,0.15854438926792006
7272,72.72,0.33366203263556254
7273,72.73,0.6129129616165985
7274,72.74,0.30516865769701285
7275,72.75,0.5707719635666085
7276,72.76,0.8040274377680955
7277,72.77,0.2726663929440115
7278,72.78,0.7101808452666234
7279,72.79,0.9927562182607477
7280,72.8,0.7236872338500694
7281,72.81,0.5796473656074025
7282,72.82,0.32762896502474187
7283,72.83,0.604104379525719
7284,72.84,0.5085335113239249
7285,72.85,0.9441013320118414
7286,72.86,0.6768696576788261
7287,72.87,0.9487668013947237
7288,72.88,0.1466765177881257
7289,72.89,0.9448833964072118
7290,72.9,0.48929335445096633
7291,72.91,0.9955958289369069
7292,72.92,0.346632036637857
7293,72.93,0.712156127888454
7294,72.94,0.5199280548544023
7295,72.95,0.42532465879269843
7296,72.96,0.7831195431882009
7297,72.97,0.8954221974991131
7298,72.98,0.30209338547489184
7299,72.99,0.350139727641287
7300,73.0,0.4780558621821497
7301,73.01,0.5039753473149073
7302,73.02,0.10464335570240757
7303,73.03,0.27514732555475263
7304,73.04,0.17362801128691885
7305,73.05,0.6146376552202225
7306,73.06,0.12283474498419594
7307,73.07,0.7636997610558957
7308,73.08,0.9802860499962721
7309,73.09,0.48143823118506457
7310,73.1,0.16699633021127946
7311,73.11,0.32498574537924774
7312,73.12,0.24803341773377485
7313,73.13,0.37972527188479677
7314,73.14,0.6633952182737383
7315,73.15,0.1870534876367857
7316,73.16,0.531969778155938
7317,73.17,0.8272531667472509
7318,73.18,0.6332776935212225
7319,73.19,0.6636673975106681
7320,73.2,0.4008722823594274
7321,73.21,0.325368523764895
7322,73.22,0.19705658798082817
7323,73.23,0.31452329131157986
7324,73.24,0.4067217711304557
7325,73.25,0.1489895741602064
7326,73.26,0.4002296095170642
7327,73.27,0.8147000075360334
7328,73.28,0.9491928194881957
7329,73.29,0.7981745246050375
7330,73.3,0.6576099000474552
7331,73.31,0.7876887134172296
7332,73.32,0.6628138817981672
7333,73.33,0.6210410223330836
7334,73.34,0.1769812291642503
7335,73.35,0.15461825076522628
7336,73.36,0.13000930800777385
7337,73.37,0.3819514907976639
7338,73.38,0.8629229301514275
7339,73.39,0.1585253969161333
7340,73.4,0.21478221160025898
7341,73.41,0.9272042089860766
7342,73.42,0.497726562986597
7343,73.43,0.3713239666049538
7344,73.44,0.6635666905988387
7345,73.45,0.15921123319599645
7346,73.46,0.7098080117271166
7347,73.47,0.6033322464449914
7348,73.48,0.36542509321075956
7349,73.49,0.4433099356406537
7350,73.5,0.1862472262648625
7351,73.51,0.7767670219391376
7352,73.52,0.30980078561696756
7353,73.53,0.6396182679290124
7354,73.54,0.6937516284108708
7355,73.55,0.10954589104704643
7356,73.56,0.4455280223324014
7357,73.57,0.8156482099391159
7358,73.58,0.8919443507357658
7359,73.59,0.6573074988361457
7360,73.6,0.40565482739977
7361,73.61,0.9438263670220858
7362,73.62,0.8046362237883722
7363,73.63,0.5086690870336562
7364,73.64,0.39537430203729884
7365,73.65,0.2732331856877053
7366,73.66,0.1924206883539238
7367,73.67,0.6356575969008316
7368,73.68,0.16079002494810407
7369,73.69,0.8104747813694292
7370,73.7,0.27425308759460587
7371,73.71,0.6158909195168574
7372,73.72,0.6736273620874301
7373,73.73,0.3306574919808811
7374,73.74,0.47890630314692384
7375,73.75,0.7521607328859403
7376,73.76,0.5001618822465171
7377,73.77,0.3188372300856219
7378,73.78,0.8173230256115176
7379,73.79,0.15444206457520035
7380,73.8,0.3805001722728466
7381,73.81,0.4922633153335241
7382,73.82,0.9637672162542825
7383,73.83,0.778936271533141
7384,73.84,0.3800694162048349
7385,73.85,0.8966997190343539
7386,73.86,0.7979460979332195
7387,73.87,0.2326681563449754
7388,73.88,0.37780697303262756
7389,73.89,0.4086102840450223
7390,73.9,0.4319469956550296
7391,73.91,0.10727365811103975
7392,73.92,0.6277959212057972
7393,73.93,0.7104703369002069
7394,73.94,0.15158588151371935
7395,73.95,0.5563970806990967
7396,73.96,0.8516574368141958
7397,73.97,0.8728319849755358
7398,73.98,0.4798550263750143
7399,73.99,0.2758664166842378
7400,74.0,0.2803347131349095
7401,74.01,0.9176501965607338
7402,74.02,0.8067374263820305
7403,74.03,0.40739673130527143
7404,74.04,0.7010741250824373
7405,74.05,0.7253034191031522
7406,74.06,0.9837309302438956
7407,74.07,0.6397860729930732
7408,74.08,0.3980308910221443
7409,74.09,0.6205696739963235
7410,74.1,0.9667584002174021
7411,74.11,0.6544928235535951
7412,74.12,0.476825759528258
7413,74.13,0.24605198796363997
7414,74.14,0.508871884558312
7415,74.15,0.8102722482345158
7416,74.16,0.13797293488932852
7417,74.17,0.297465293317722
7418,74.18,0.10332736503251154
7419,74.19,0.3007225798360892
7420,74.2,0.3072466091802945
7421,74.21,0.6615280158208657
7422,74.22,0.31511713588738127
7423,74.23,0.7611275597774503
7424,74.24,0.957329406091477
7425,74.25,0.3983635986338867
7426,74.26,0.7660732488209056
7427,74.27,0.28478472426743284
7428,74.28,0.26582006099429645
7429,74.29,0.9908902392242316
7430,74.3,0.4265354313619649
7431,74.31,0.1663580411828905
7432,74.32,0.1270158298255685
7433,74.33,0.2036703633380068
7434,74.34,0.36151859385048823
7435,74.35,0.27496310001761554
7436,74.36,0.6271177531885943
7437,74.37,0.7889794612222785
7438,74.38,0.13951434327496842
7439,74.39,0.1267170159459902
7440,74.4,0.27804249492057254
7441,74.41,0.2567319482345173
7442,74.42,0.8968440065964979
7443,74.43,0.7469530065123444
7444,74.44,0.4058357437162158
7445,74.45,0.5990544596416342
7446,74.46,0.2606872877209544
7447,74.47,0.11934282525233679
7448,74.48,0.8585932786435614
7449,74.49,0.9195840551783978
7450,74.5,0.11889438441620136
7451,74.51,0.7097071410977779
7452,74.52,0.44103048212366003
7453,74.53,0.8086726724841473
7454,74.54,0.19987210858274213
7455,74.55,0.9425026937515559
7456,74.56,0.3745651402367898
7457,74.57,0.31613493958619676
7458,74.58,0.8285389932626129
7459,74.59,0.6948178436921821
7460,74.6,0.9470455801057373
7461,74.61,0.9793916614288132
7462,74.62,0.9979254227942481
7463,74.63,0.8934974155600834
7464,74.64,0.8905490528035754
7465,74.65,0.15883976747575393
7466,74.66,0.22998902123012244
7467,74.67,0.9317399205097199
7468,74.68,0.8154083048602716
7469,74.69,0.27251316293551947
7470,74.7,0.44037597645013415
7471,74.71,0.4368297717433903
7472,74.72,0.6395942463471453
7473,74.73,0.9792833862642097
7474,74.74,0.32009467504108124
7475,74.75,0.14157567312400143
7476,74.76,0.6544252069934702
7477,74.77,0.2701919478847972
7478,74.78,0.5819215079006885
7479,74.79,0.8106290104516612
7480,74.8,0.3949125440601593
7481,74.81,0.14793307756269886
7482,74.82,0.816050728053346
7483,74.83,0.8855663427249542
7484,74.84,0.8663523745346258
7485,74.85,0.9715458767538815
7486,74.86,0.8972508589930205
7487,74.87,0.2883138161492995
7488,74.88,0.1732669316694043
7489,74.89,0.5236005642406455
7490,74.9,0.6971519787117675
7491,74.91,0.15838573687292767
7492,74.92,0.5577524248458762
7493,74.93,0.77617723415926
7494,74.94,0.6805644078256385
7495,74.95,0.5582426655057035
7496,74.96,0.5487289985046023
7497,74.97,0.5178405498050054
7498,74.98,0.389640819588588
7499,74.99,0.43649084920382575
7500,75.0,0.7250587063652825
7501,75.01,0.7440848854197315
7502,75.02,0.5453128228067036
7503,75.03,0.34150191264650237
7504,75.04,0.460851463483982
7505,75.05,0.9290667013195307
7506,75.06,0.625584359353509
7507,75.07,0.13294403915464603
7508,75.08,0.2975736543938231
7509,75.09,0.28270044704431335
7510,75.1,0.876851437322394
7511,75.11,0.4563099778945323
7512,75.12,0.3753991326877516
7513,75.13,0.8998380365921159
7514,75.14,0.6142333480826645
7515,75.15,0.9419490162893268
7516,75.16,0.4366966197570884
7517,75.17,0.5954967765233146
7518,75.18,0.22089728397474048
7519,75.19,0.17562533442335734
7520,75.2,0.5000547838728029
7521,75.21,0.41641745647162054
7522,75.22,0.6255660022573816
7523,75.23,0.518727799959748
7524,75.24,0.6590132378245634
7525,75.25,0.48349210922446906
7526,75.26,0.5207958898637823
7527,75.27,0.46805749781996564
7528,75.28,0.824054018764114
7529,75.29,0.38531838317004974
7530,75.3,0.4441338339615344
7531,75.31,0.26160915790140365
7532,75.32,0.3104113596607922
7533,75.33,0.6808193673811823
7534,75.34,0.42318364166712963
7535,75.35,0.17417665991981351
7536,75.36,0.8583430502682061
7537,75.37,0.5615118905304871
7538,75.38,0.6792889592822128
7539,75.39,0.8072859663425569
7540,75.4,0.9339453272891598
7541,75.41,0.18856819873101333
7542,75.42,0.16421380955139692
7543,75.43,0.13445324667858666
7544,75.44,0.28027593717263677
7545,75.45,0.2769816905826076
7546,75.46,0.39631716329620237
7547,75.47,0.37244402446367
7548,75.48,0.8340083017322016
7549,75.49,0.7151853968270376
7550,75.5,0.34701810085459195
7551,75.51,0.7350783738764423
7552,75.52,0.9981961348956719
7553,75.53,0.9985645880512839
7554,75.54,0.7771450209957869
7555,75.55,0.7658389053405305
7556,75.56,0.9211442771183096
7557,75.57,0.10768049056133981
7558,75.58,0.369526736838078
7559,75.59,0.840077970266112
7560,75.6,0.8048154286828495
7561,75.61,0.463430027300369
7562,75.62,0.46518263548370586
7563,75.63,0.6219584024103393
7564,75.64,0.6897776567243161
7565,75.65,0.5248035944155003
7566,75.66,0.5613822757478591
7567,75.67,0.785044483515173
7568,75.68,0.23435302882581582
7569,75.69,0.45775475654617437
7570,75.7,0.30423367210479296
7571,75.71,0.7742233677870595
7572,75.72,0.5269944266256009
7573,75.73,0.5642428154371922
7574,75.74,0.8073771834176311
7575,75.75,0.7818591693182624
7576,75.76,0.7502593162131156
7577,75.77,0.5152610235407472
7578,75.78,0.8127233995295187
7579,75.79,0.38176735014633467
7580,75.8,0.26906189684505516
7581,75.81,0.7931179594079911
7582,75.82,0.7281471422010591
7583,75.83,0.28862627815315667
7584,75.84,0.5049747419927247
7585,75.85,0.6026021355919068
7586,75.86,0.437230150588268
7587,75.87,0.6197576037524282
7588,75.88,0.21551107671122802
7589,75.89,0.9490186010600965
7590,75.9,0.10871303863689441
7591,75.91,0.8293612464738138
7592,75.92,0.8508689933955386
7593,75.93,0.40584001766846756
7594,75.94,0.4772325842317
7595,75.95,0.7171865252954033
7596,75.96,0.46303184543965314
7597,75.97,0.8007790641595925
7598,75.98,0.5838436057394257
7599,75.99,0.3934715630729465
7600,76.0,0.12091585629299045
7601,76.01,0.8068220297171778
7602,76.02,0.9299297714622413
7603,76.03,0.23832211553692065
7604,76.04,0.9573737911494943
7605,76.05,0.3972254753960057
7606,76.06,0.6668553763570726
7607,76.07,0.6427025073943806
7608,76.08,0.6470535443461749
7609,76.09,0.8802502799913084
7610,76.1,0.9821549038826428
7611,76.11,0.2837841566936925
7612,76.12,0.45157253188891944
7613,76.13,0.5810415226801519
7614,76.14,0.26950481032803575
7615,76.15,0.19777452048627453
7616,76.16,0.6125635107289578
7617,76.17,0.5063817938797397
7618,76.18,0.9052694154842266
7619,76.19,0.18391735594184172
7620,76.2,0.19388185968545807
7621,76.21,0.5976160977771318
7622,76.22,0.12885323870053392
7623,76.23,0.7201220947729611
7624,76.24,0.5397519903194505
7625,76.25,0.26802289470358837
7626,76.26,0.16254193201818148
7627,76.27,0.9666951004214934
7628,76.28,0.3554358585573961
7629,76.29,0.30973548339303564
7630,76.3,0.6936129038926669
7631,76.31,0.16298148936925316
7632,76.32,0.15170786255439395
7633,76.33,0.5666785121704815
7634,76.34,0.25464314515959363
7635,76.35,0.8737366126390635
7636,76.36,0.46977511087056056
7637,76.37,0.24133190952714983
7638,76.38,0.1996695534603588
7639,76.39,0.5828077172977617
7640,76.4,0.5304260281386113
7641,76.41,0.16188669167528752
7642,76.42,0.9595870890708919
7643,76.43,0.8791295445399859
7644,76.44,0.21693905505094052
7645,76.45,0.28510930447862637
7646,76.46,0.4889806087024994
7647,76.47,0.7387044526510937
7648,76.48,0.527302021852904
7649,76.49,0.6433385038195717
7650,76.5,0.9452388292497572
7651,76.51,0.6287427580555942
7652,76.52,0.5522275190434965
7653,76.53,0.716352336205995
7654,76.54,0.3478968797738288
7655,76.55,0.10669897788745614
7656,76.56,0.22842278928427714
7657,76.57,0.1575730386534658
7658,76.58,0.45931322309645817
7659,76.59,0.8268092492383429
7660,76.6,0.5732708543241196
7661,76.61,0.9192722850464743
7662,76.62,0.8913154523213412
7663,76.63,0.5141841040285372
7664,76.64,0.6185194770632408
7665,76.65,0.7635616398006112
7666,76.66,0.35912060649446553
7667,76.67,0.892894666098105
7668,76.68,0.5106759616144274
7669,76.69,0.7302848857520187
7670,76.7,0.7404831402980693
7671,76.71,0.3677038546799223
7672,76.72,0.6517247605404752
7673,76.73,0.8289862883453034
7674,76.74,0.25761365870794267
7675,76.75,0.32422133581057405
7676,76.76,0.9099681582746122
7677,76.77,0.7599195576374899
7678,76.78,0.512045336858917
7679,76.79,0.9197497859088483
7680,76.8,0.265099887018426
7681,76.81,0.6117537393121477
7682,76.82,0.45419618583306876
7683,76.83,0.9511186252482087
7684,76.84,0.3157257318272265
7685,76.85,0.8834856327037439
7686,76.86,0.3463986493222434
7687,76.87,0.6652748829421683
7688,76.88,0.3627006314694229
7689,76.89,0.9246667002146651
7690,76.9,0.7282395933112799
7691,76.91,0.7501684502662066
7692,76.92,0.2955293820639165
7693,76.93,0.544138819501924
7694,76.94,0.9931507496958577
7695,76.95,0.5975415051661995
7696,76.96,0.995784743367574
7697,76.97,0.1688802725066034
7698,76.98,0.19470210488107315
7699,76.99,0.7898851722595064
7700,77.0,0.3934118223867301
7701,77.01,0.5058423850562811
7702,77.02,0.3274899563687658
7703,77.03,0.5554581145955
7704,77.04,0.5159507380727387
7705,77.05,0.16587594281867113
7706,77.06,0.7250371426944424
7707,77.07,0.7747625270166514
7708,77.08,0.4430400111473496
7709,77.09,0.7713616934374544
7710,77.1,0.8701958304268361
7711,77.11,0.4570068950503855
7712,77.12,0.10966362525183826
7713,77.13,0.20321444524965906
7714,77.14,0.9254232780846395
7715,77.15,0.3943993263189942
7716,77.16,0.7738084250526204
7717,77.17,0.5362833135964074
7718,77.18,0.16141345407287597
7719,77.19,0.5935856863209631
7720,77.2,0.3180642481313898
7721,77.21,0.9550165816690869
7722,77.22,0.226230184165455
7723,77.23,0.8383840207101977
7724,77.24,0.8574062797816833
7725,77.25,0.253530186076807
7726,77.26,0.11625951488531899
7727,77.27,0.19046360894674763
7728,77.28,0.36473018833798354
7729,77.29,0.5811884497650104
7730,77.3,0.4517645519346597
7731,77.31,0.16982676986048317
7732,77.32,0.7872301422811265
7733,77.33,0.7096448275888491
7734,77.34,0.2381468295797124
7735,77.35,0.4222782906900808
7736,77.36,0.2950051899475682
7737,77.37,0.13100036087199243
7738,77.38,0.7075397176971207
7739,77.39,0.2945498496134007
7740,77.4,0.7270681272669167
7741,77.41,0.8528510270365429
7742,77.42,0.8303606433465109
7743,77.43,0.6769109703323687
7744,77.44,0.7447693898829546
7745,77.45,0.9073088921048786
7746,77.46,0.4515565501251223
7747,77.47,0.377491825815946
7748,77.48,0.14717373056996472
7749,77.49,0.1041991594716774
7750,77.5,0.7951687256966231
7751,77.51,0.7904028146085459
7752,77.52,0.9359384970719352
7753,77.53,0.43718023313493093
7754,77.54,0.3146862907706731
7755,77.55,0.18224778707649253
7756,77.56,0.47951445747278443
7757,77.57,0.9903615624688861
7758,77.58,0.40340497820432397
7759,77.59,0.27293663778873956
7760,77.6,0.7020545099441284
7761,77.61,0.29851106675617933
7762,77.62,0.8940574518363392
7763,77.63,0.8172317486393941
7764,77.64,0.8474055997855803
7765,77.65,0.25109459870763384
7766,77.66,0.2503425295621995
7767,77.67,0.4741120089683688
7768,77.68,0.1969154457305513
7769,77.69,0.3944273195446403
7770,77.7,0.6058487055011673
7771,77.71,0.27059278236483053
7772,77.72,0.2864073838360207
7773,77.73,0.5875323880877906
7774,77.74,0.9450309051952679
7775,77.75,0.2087235652593324
7776,77.76,0.2924019880242406
7777,77.77,0.4209186933266449
7778,77.78,0.25625940198820163
7779,77.79,0.46192554077948245
7780,77.8,0.38461619921612167
7781,77.81,0.45026799359538505
7782,77.82,0.5128983385718359
7783,77.83,0.15941465565685575
7784,77.84,0.8335764024452258
7785,77.85,0.6849504959696415
7786,77.86,0.43208196490664064
7787,77.87,0.16059814167703723
7788,77.88,0.29670476965596637
7789,77.89,0.3713808237820164
7790,77.9,0.6389821868361415
7791,77.91,0.9847922436254237
7792,77.92,0.1916322308873981
7793,77.93,0.5825633772621587
7794,77.94,0.9914781587571018
7795,77.95,0.8654185303470832
7796,77.96,0.2543131994213621
7797,77.97,0.9631312339400508
7798,77.98,0.6398804306381854
7799,77.99,0.9832743053718398
7800,78.0,0.7266838293500907
7801,78.01,0.7101104701466714
7802,78.02,0.9751301675607693
7803,78.03,0.7243486696454755
7804,78.04,0.39884189261345515
7805,78.05,0.671818106513803
7806,78.06,0.8955703289722099
7807,78.07,0.3861702775971544
7808,78.08,0.866398791221779
7809,78.09,0.5339173410889665
7810,78.1,0.40159469631227784
7811,78.11,0.6476799899406204
7812,78.12,0.6265332229734988
7813,78.13,0.444134259670403
7814,78.14,0.6765327592762748
7815,78.15,0.3091829296430799
7816,78.16,0.6287216926676498
7817,78.17,0.9895427779254504
7818,78.18,0.30934531404891635
7819,78.19,0.6547138071287194
7820,78.2,0.9071014837298583
7821,78.21,0.37796376580563695
7822,78.22,0.7641219555262333
7823,78.23,0.7815211692392167
7824,78.24,0.6577896056432326
7825,78.25,0.1539307149037714
7826,78.26,0.43707126564423615
7827,78.27,0.3669532573358014
7828,78.28,0.23650352685282486
7829,78.29,0.2839467970865593
7830,78.3,0.13411604400171018
7831,78.31,0.9310682255981682
7832,78.32,0.6382676697499768
7833,78.33,0.9512888476204393
7834,78.34,0.7653300724148654
7835,78.35,0.3958208666804456
7836,78.36,0.3503137989773213
7837,78.37,0.6792418644448651
7838,78.38,0.7844444940659905
7839,78.39,0.5687855736360087
7840,78.4,0.9798107540116016
7841,78.41,0.6832417825716696
7842,78.42,0.3596095940135108
7843,78.43,0.12132399906299274
7844,78.44,0.8622413609891073
7845,78.45,0.3981432453427879
7846,78.46,0.3180240853520907
7847,78.47,0.5853805769135548
7848,78.48,0.9159688519381758
7849,78.49,0.6985054171796042
7850,78.5,0.3235042446949081
7851,78.51,0.7186148548621701
7852,78.52,0.7475519977524849
7853,78.53,0.647256877909863
7854,78.54,0.4433373285034651
7855,78.55,0.3894732919722119
7856,78.56,0.49812480112019375
7857,78.57,0.10543839378770581
7858,78.58,0.8828800659066294
7859,78.59,0.1629864279798796
7860,78.6,0.27321890254986414
7861,78.61,0.6709302633465178
7862,78.62,0.22737880978321334
7863,78.63,0.283798011489249
7864,78.64,0.18258345318070232
7865,78.65,0.6333675860908805
7866,78.66,0.8480987907626463
7867,78.67,0.9386314212079048
7868,78.68,0.3126791153600968
7869,78.69,0.17034806224417554
7870,78.7,0.7524901942936094
7871,78.71,0.38031667282985837
7872,78.72,0.7495063891841668
7873,78.73,0.32043246240627093
7874,78.74,0.2587919544075885
7875,78.75,0.32407248744957623
7876,78.76,0.35681760101601223
7877,78.77,0.503444073132822
7878,78.78,0.6720433949028022
7879,78.79,0.3446747062815947
7880,78.8,0.8031600328762355
7881,78.81,0.17201437470251218
7882,78.82,0.9752996804090123
7883,78.83,0.4584200258548985
7884,78.84,0.25098943429918685
7885,78.85,0.4972384637626076
7886,78.86,0.5547632988427191
7887,78.87,0.7614352940774517
7888,78.88,0.7842920179686741
7889,78.89,0.837643427091701
7890,78.9,0.8142027410402942
7891,78.91,0.11782996941906482
7892,78.92,0.4432773805011627
7893,78.93,0.8686379892744837
7894,78.94,0.7829724901602515
7895,78.95,0.9293792491421728
7896,78.96,0.6356650254389488
7897,78.97,0.23751883802985335
7898,78.98,0.7539834116259916
7899,78.99,0.3315625499368102
7900,79.0,0.5172861112301241
7901,79.01,0.5082427952803907
7902,79.02,0.43763219644075546
7903,79.03,0.6454228209909789
7904,79.04,0.16474568471246004
7905,79.05,0.22299071433676054
7906,79.06,0.5223326331089747
7907,79.07,0.23925201017050995
7908,79.08,0.27066323312940077
7909,79.09,0.11155084502316717
7910,79.1,0.5506298278073353
7911,79.11,0.752810838347912
7912,79.12,0.5423083459146301
7913,79.13,0.9331219641435008
7914,79.14,0.9462564867376142
7915,79.15,0.9734433730540766
7916,79.16,0.4358304079296714
7917,79.17,0.540596002914233
7918,79.18,0.6769438496885437
7919,79.19,0.6294781048902192
7920,79.2,0.4679088264442952
7921,79.21,0.13494420791585154
7922,79.22,0.9294429236056637
7923,79.23,0.4463434103050574
7924,79.24,0.6090477328458886
7925,79.25,0.27480538030457324
7926,79.26,0.49266815082272286
7927,79.27,0.32973257522391775
7928,79.28,0.9217773957283769
7929,79.29,0.7500207641252935
7930,79.3,0.5586475270853609
7931,79.31,0.5397596588096154
7932,79.32,0.719640455628652
7933,79.33,0.7268098708386284
7934,79.34,0.6858157012373197
7935,79.35,0.9338668806972824
7936,79.36,0.7620977850415753
7937,79.37,0.3181175822761133
7938,79.38,0.13105681485922402
7939,79.39,0.8318137692307893
7940,79.4,0.6678574423186708
7941,79.41,0.7087830388950591
7942,79.42,0.7277242802017038
7943,79.43,0.680800183363973
7944,79.44,0.3351976286239331
7945,79.45,0.5099236931639812
7946,79.46,0.7129598359214563
7947,79.47,0.32885923104489834
7948,79.48,0.6419343942441613
7949,79.49,0.956600420894803
7950,79.5,0.857364309916531
7951,79.51,0.11110364873005128
7952,79.52,0.7938749669721366
7953,79.53,0.6799576516482868
7954,79.54,0.9251945677840184
7955,79.55,0.457900229360631
7956,79.56,0.6275443857664691
7957,79.57,0.9108960849964133
7958,79.58,0.5666833394687938
7959,79.59,0.269940926793259
7960,79.6,0.4806503739151451
7961,79.61,0.8467746085240269
7962,79.62,0.3275841118593001
7963,79.63,0.3719976093663434
7964,79.64,0.970915087907621
7965,79.65,0.6926374539582862
7966,79.66,0.4445097493191942
7967,79.67,0.377180979851932
7968,79.68,0.47044809294652956
7969,79.69,0.8887604231528082
7970,79.7,0.7548868714457464
7971,79.71,0.1799860954161484
7972,79.72,0.6725622237872371
7973,79.73,0.7990220033957105
7974,79.74,0.40995353112224653
7975,79.75,0.2284421335318625
7976,79.76,0.7738570652050747
7977,79.77,0.9370151793469579
7978,79.78,0.4581731977247304
7979,79.79,0.37729030851854584
7980,79.8,0.9883229438331634
7981,79.81,0.8347504402887145
7982,79.82,0.10142071982609924
7983,79.83,0.16285734546459665
7984,79.84,0.726685036540446
7985,79.85,0.5724657898780561
7986,79.86,0.6890690726005005
7987,79.87,0.7597380123127596
7988,79.88,0.25357083051473767
7989,79.89,0.43718624985039256
7990,79.9,0.7336424769528125
7991,79.91,0.2782184760110388
7992,79.92,0.2637858983304528
7993,79.93,0.9536349803150774
7994,79.94,0.50559470586764
7995,79.95,0.8329334094473424
7996,79.96,0.267074237621179
7997,79.97,0.1530838584521723
7998,79.98,0.2644564593453762
7999,79.99,0.7832482164554025
8000,80.0,0.3334167248357266
8001,80.01,0.9120459600124805
8002,80.02,0.4679131619383201
8003,80.03,0.6641536416238119
8004,80.04,0.6619793102016739
8005,80.05,0.8815257927238216
8006,80.06,0.24951351934543864
8007,80.07,0.3638130268241193
8008,80.08,0.43995568388859496
8009,80.09,0.3490859825747922
8010,80.1,0.4079367259643971
8011,80.11,0.6270817601032712
8012,80.12,0.5301074068000533
8013,80.13,0.7055241330301778
8014,80.14,0.19072822785791688
8015,80.15,0.15495082020366688
8016,80.16,0.7766188268340555
8017,80.17,0.10650399251870846
8018,80.18,0.6242009037009362
8019,80.19,0.9888569506829485
8020,80.2,0.18715766586334642
8021,80.21,0.5701010898694984
8022,80.22,0.10653576134219184
8023,80.23,0.6426863846783839
8024,80.24,0.9882071581918902
8025,80.25,0.78522757321039
8026,80.26,0.9389155427912886
8027,80.27,0.525908604869399
8028,80.28,0.4033269714112162
8029,80.29,0.4865082591987787
8030,80.3,0.43370661000664523
8031,80.31,0.9011369765458233
8032,80.32,0.999500621733825
8033,80.33,0.8351624728414216
8034,80.34,0.9468919420621511
8035,80.35,0.6985704567925946
8036,80.36,0.44059212840891004
8037,80.37,0.15151738954912533
8038,80.38,0.4204263104928261
8039,80.39,0.3972297282937406
8040,80.4,0.19015962632578756
8041,80.41,0.511227333422656
8042,80.42,0.7284774427237176
8043,80.43,0.7526981685450601
8044,80.44,0.8991734961609051
8045,80.45,0.22497672455841589
8046,80.46,0.6417182587877294
8047,80.47,0.8821047535357356
8048,80.48,0.35152077716555996
8049,80.49,0.7293381592355352
8050,80.5,0.8335465827858736
8051,80.51,0.43158690561895263
8052,80.52,0.6565165260252833
8053,80.53,0.6929884946559948
8054,80.54,0.5276794848101034
8055,80.55,0.4718139335081396
8056,80.56,0.2691414416046156
8057,80.57,0.9875632649232888
8058,80.58,0.9617924284021849
8059,80.59,0.831357142999509
8060,80.6,0.11496727370023402
8061,80.61,0.4241850509203303
8062,80.62,0.14117885509608544
8063,80.63,0.8268020306693891
8064,80.64,0.39297267951172943
8065,80.65,0.49987554334255146
8066,80.66,0.6460867146855781
8067,80.67,0.46014867175582175
8068,80.68,0.6513331108880366
8069,80.69,0.1732323081307155
8070,80.7,0.4851246524242778
8071,80.71,0.9383351225206988
8072,80.72,0.9377600537874529
8073,80.73,0.9881843171455346
8074,80.74,0.8713900002058577
8075,80.75,0.9146824858368199
8076,80.76,0.7608499686894765
8077,80.77,0.36447667588633614
8078,80.78,0.27556925967892837
8079,80.79,0.22884530039781958
8080,80.8,0.5680489859626486
8081,80.81,0.6147033624826055
8082,80.82,0.8711223493888904
8083,80.83,0.5541729541761515
8084,80.84,0.21507521903613613
8085,80.85,0.8171386843799121
8086,80.86,0.3712134744906328
8087,80.87,0.7057559445252587
8088,80.88,0.5938719942308787
8089,80.89,0.8873071992406453
8090,80.9,0.25124756624376565
8091,80.91,0.5016580302979506
8092,80.92,0.20411077763104207
8093,80.93,0.6963778993979179
8094,80.94,0.31681145220265083
8095,80.95,0.29047673905931193
8096,80.96,0.7779272686674363
8097,80.97,0.693770592137561
8098,80.98,0.1804886340716683
8099,80.99,0.4914040661903122
8100,81.0,0.7441886404626041
8101,81.01,0.24421175000148354
8102,81.02,0.9360706232029997
8103,81.03,0.9123836669708849
8104,81.04,0.7896779414439354
8105,81.05,0.29833843147201455
8106,81.06,0.33186568840845976
8107,81.07,0.5286720861222854
8108,81.08,0.907759795364299
8109,81.09,0.21078829913533279
8110,81.1,0.22218078919099693
8111,81.11,0.5810889726146562
8112,81.12,0.752872965803466
8113,81.13,0.1813975789843977
8114,81.14,0.7226060934329107
8115,81.15,0.8847465463088868
8116,81.16,0.93860195963364
8117,81.17,0.7897036480267551
8118,81.18,0.6406114783749007
8119,81.19,0.6795878865488112
8120,81.2,0.4393092901941419
8121,81.21,0.7456984607031273
8122,81.22,0.7624022390881574
8123,81.23,0.44348545438444376
8124,81.24,0.677891982395751
8125,81.25,0.6057099503995715
8126,81.26,0.8705269105230721
8127,81.27,0.8276027337463997
8128,81.28,0.3011957521228831
8129,81.29,0.20412096874325608
8130,81.3,0.17891230657878715
8131,81.31,0.18022548411946043
8132,81.32,0.7665230969561668
8133,81.33,0.9434895855884309
8134,81.34,0.7701559770688929
8135,81.35,0.20449560147192408
8136,81.36,0.4309633233746567
8137,81.37,0.8679972781392563
8138,81.38,0.9586617569787471
8139,81.39,0.6192251575233496
8140,81.4,0.10151064231782424
8141,81.41,0.15569644295464305
8142,81.42,0.582042736343085
8143,81.43,0.8624067369798643
8144,81.44,0.9818645483354378
8145,81.45,0.38767869021112333
8146,81.46,0.4285214581919188
8147,81.47,0.711371953342353
8148,81.48,0.8169087723916517
8149,81.49,0.5677762441141045
8150,81.5,0.6414558748282372
8151,81.51,0.2999274015123198
8152,81.52,0.4557811454554622
8153,81.53,0.5844636489981847
8154,81.54,0.5145424931074203
8155,81.55,0.23023070793251066
8156,81.56,0.9486009178097635
8157,81.57,0.8534949891046718
8158,81.58,0.5498493985234412
8159,81.59,0.510206077491364
8160,81.6,0.6413188722361143
8161,81.61,0.23128362873460304
8162,81.62,0.6988156338350081
8163,81.63,0.8211625795437109
8164,81.64,0.732670128575783
8165,81.65,0.6389922774443434
8166,81.66,0.37800228411063697
8167,81.67,0.9913016007821261
8168,81.68,0.21111761142393412
8169,81.69,0.9971637439944023
8170,81.7,0.7358700410766508
8171,81.71,0.5304544722137553
8172,81.72,0.8458185739378224
8173,81.73,0.5455229726608514
8174,81.74,0.7337264289695481
8175,81.75,0.4390377644667872
8176,81.76,0.9830285156457808
8177,81.77,0.39983009202355146
8178,81.78,0.8450962248823767
8179,81.79,0.28955177711891344
8180,81.8,0.7593922923579037
8181,81.81,0.8293767869663577
8182,81.82,0.7303666722934917
8183,81.83,0.1473096738073383
8184,81.84,0.8788887061062073
8185,81.85,0.261118209146715
8186,81.86,0.5387541864414209
8187,81.87,0.4526270774691671
8188,81.88,0.9859505879395525
8189,81.89,0.6933252798105681
8190,81.9,0.8636664214974187
8191,81.91,0.9919568934992643
8192,81.92,0.5931486185867862
8193,81.93,0.40366913288976036
8194,81.94,0.7101088175630528
8195,81.95,0.9912828699758383
8196,81.96,0.7819427665488902
8197,81.97,0.4519567852068014
8198,81.98,0.5750599909877713
8199,81.99,0.35473588298356284
8200,82.0,0.726738684108536
8201,82.01,0.27558295898882895
8202,82.02,0.8706269978970961
8203,82.03,0.4543952084152967
8204,82.04,0.21781061508563693
8205,82.05,0.7770398319672771
8206,82.06,0.622345311785265
8207,82.07,0.8245646078043503
8208,82.08,0.8648287485623202
8209,82.09,0.7386287784104542
8210,82.1,0.5117792501238777
8211,82.11,0.2473250211733704
8212,82.12,0.2238048635251474
8213,82.13,0.7263599733575995
8214,82.14,0.3619734123907705
8215,82.15,0.23034059396974527
8216,82.16,0.29632282572927027
8217,82.17,0.7735442658967492
8218,82.18,0.7617870069005653
8219,82.19,0.10821926315131183
8220,82.2,0.7533617606053289
8221,82.21,0.6181138872485835
8222,82.22,0.7104860254149833
8223,82.23,0.9896357690735733
8224,82.24,0.23284491329565798
8225,82.25,0.9553583389850742
8226,82.26,0.4843999580405707
8227,82.27,0.8574940819397614
8228,82.28,0.933386803051072
8229,82.29,0.18644295871276753
8230,82.3,0.9767428839690102
8231,82.31,0.2616695914458995
8232,82.32,0.14722490389356133
8233,82.33,0.9822490838460003
8234,82.34,0.6850880243229659
8235,82.35,0.6340531512382573
8236,82.36,0.9727542760499678
8237,82.37,0.66427529193681
8238,82.38,0.4635945962406762
8239,82.39,0.1305935450413993
8240,82.4,0.3167698789908015
8241,82.41,0.5397633043856966
8242,82.42,0.7191856953243905
8243,82.43,0.9590998273733131
8244,82.44,0.6875172702273742
8245,82.45,0.43783447666663544
8246,82.46,0.7226153648797241
8247,82.47,0.815792688754665
8248,82.48,0.6926669663239272
8249,82.49,0.799957730004984
8250,82.5,0.8784062105147216
8251,82.51,0.685279842793128
8252,82.52,0.3476944362305116
8253,82.53,0.6878759264991168
8254,82.54,0.4305907503548426
8255,82.55,0.20800034705523307
8256,82.56,0.17437329150621889
8257,82.57,0.5402965968643754
8258,82.58,0.7019129888536826
8259,82.59,0.5587736480119939
8260,82.6,0.12072408518318409
8261,82.61,0.615683717940855
8262,82.62,0.6153675089146832
8263,82.63,0.34635232630635243
8264,82.64,0.7708233653388762
8265,82.65,0.8149093429266743
8266,82.66,0.2629869345245055
8267,82.67,0.5357723295685557
8268,82.68,0.6801369840835279
8269,82.69,0.4902908307949231
8270,82.7,0.6142807894402206
8271,82.71,0.1894971295647776
8272,82.72,0.15714847104542945
8273,82.73,0.9179924709796118
8274,82.74,0.8157023443561789
8275,82.75,0.2664008637130071
8276,82.76,0.8315811435182967
8277,82.77,0.1177717496038741
8278,82.78,0.6004541474261623
8279,82.79,0.5827751107895903
8280,82.8,0.8309766328117169
8281,82.81,0.539706936162252
8282,82.82,0.5670110043393786
8283,82.83,0.6262493855139881
8284,82.84,0.7423742118250194
8285,82.85,0.8110609232375815
8286,82.86,0.21168039573846303
8287,82.87,0.7776893719041152
8288,82.88,0.9691129393333505
8289,82.89,0.9078420684158315
8290,82.9,0.26259775590749895
8291,82.91,0.6391923459298483
8292,82.92,0.2619438007830947
8293,82.93,0.5992495916970788
8294,82.94,0.8204616746519988
8295,82.95,0.21074077289721999
8296,82.96,0.2159343914506802
8297,82.97,0.2856069101942811
8298,82.98,0.24508923574565966
8299,82.99,0.6062465886107418
8300,83.0,0.8663050955367226
8301,83.01,0.13150475156418445
8302,83.02,0.9819355913418935
8303,83.03,0.5555334796661148
8304,83.04,0.4272036766234677
8305,83.05,0.5899844352486944
8306,83.06,0.4807461945667325
8307,83.07,0.9507056362356501
8308,83.08,0.10007700788604743
8309,83.09,0.370539979946238
8310,83.1,0.9515931543053323
8311,83.11,0.5674987645011957
8312,83.12,0.8045216416124786
8313,83.13,0.6932418203405452
8314,83.14,0.5004282588203962
8315,83.15,0.6193643222853432
8316,83.16,0.7255913449946227
8317,83.17,0.5703996339418353
8318,83.18,0.9874175697350311
8319,83.19,0.4169054131623724
8320,83.2,0.5843885381484875
8321,83.21,0.28885555505109783
8322,83.22,0.1891082182255036
8323,83.23,0.8377869661171883
8324,83.24,0.3133903200407367
8325,83.25,0.26926628595218505
8326,83.26,0.3697383066302289
8327,83.27,0.8493650242216262
8328,83.28,0.961680635219717
8329,83.29,0.6419299483065573
8330,83.3,0.2944359707281353
8331,83.31,0.42315864599984987
8332,83.32,0.215642903418794
8333,83.33,0.6600814683721477
8334,83.34,0.1669236935292463
8335,83.35,0.32947063397323334
8336,83.36,0.4436040817558172
8337,83.37,0.9132939401789563
8338,83.38,0.46005343802616727
8339,83.39,0.17492866851587913
8340,83.4,0.32876145399267304
8341,83.41,0.482809027628447
8342,83.42,0.7250638338097896
8343,83.43,0.5823138876511649
8344,83.44,0.16350224142232067
8345,83.45,0.75940740885183
8346,83.46,0.9958233421281565
8347,83.47,0.7271226404682852
8348,83.48,0.27336467834562417
8349,83.49,0.43492803355513465
8350,83.5,0.6915862477048784
8351,83.51,0.8384573873898736
8352,83.52,0.6444502230557707
8353,83.53,0.4777178253189551
8354,83.54,0.2381422689909063
8355,83.55,0.9932040923014704
8356,83.56,0.4902644182819702
8357,83.57,0.123318876829862
8358,83.58,0.6432465219702416
8359,83.59,0.169772137277668
8360,83.6,0.21215910150351486
8361,83.61,0.1989911192326346
8362,83.62,0.5935319063522155
8363,83.63,0.1593634232612085
8364,83.64,0.6761597400909419
8365,83.65,0.42653753622115287
8366,83.66,0.4001656137426485
8367,83.67,0.34592770212662716
8368,83.68,0.8819698335102768
8369,83.69,0.3031889218560018
8370,83.7,0.10887699937933809
8371,83.71,0.43944038362455873
8372,83.72,0.9718961372971758
8373,83.73,0.4407691162571652
8374,83.74,0.19450245651945652
8375,83.75,0.9330722742613639
8376,83.76,0.2581582350569077
8377,83.77,0.7554946734604293
8378,83.78,0.3758945981408979
8379,83.79,0.839208924219894
8380,83.8,0.5406567401139922
8381,83.81,0.5760641069263979
8382,83.82,0.7304099821667541
8383,83.83,0.8788585145309347
8384,83.84,0.5963880087729436
8385,83.85,0.6467202498701179
8386,83.86,0.9069132189688605
8387,83.87,0.2536726749405023
8388,83.88,0.9518592750779213
8389,83.89,0.45060699777756064
8390,83.9,0.41065559927729145
8391,83.91,0.767167424485316
8392,83.92,0.9712002553781319
8393,83.93,0.5785139240064063
8394,83.94,0.6351552806334124
8395,83.95,0.8646670144974151
8396,83.96,0.5291756818672948
8397,83.97,0.21481498281028064
8398,83.98,0.10854772193724294
8399,83.99,0.5622088770709961
8400,84.0,0.2399421542272466
8401,84.01,0.2137315238148207
8402,84.02,0.44092059814039386
8403,84.03,0.7618801373290487
8404,84.04,0.14757816289810446
8405,84.05,0.7528773454969684
8406,84.06,0.9770498620952339
8407,84.07,0.736752174047942
8408,84.08,0.3242004648625381
8409,84.09,0.6478326914937746
8410,84.1,0.736108086347639
8411,84.11,0.264794073217094
8412,84.12,0.9876216480031703
8413,84.13,0.8186220088735165
8414,84.14,0.5520063210885054
8415,84.15,0.34824067694958066
8416,84.16,0.48498857444923515
8417,84.17,0.9475093085066983
8418,84.18,0.8932489390032794
8419,84.19,0.8326209255001522
8420,84.2,0.3746686881189921
8421,84.21,0.8721293268967274
8422,84.22,0.9527091836563897
8423,84.23,0.46586330602705894
8424,84.24,0.38146322116792974
8425,84.25,0.1811265339792446
8426,84.26,0.17152738026547348
8427,84.27,0.756957727045067
8428,84.28,0.9503802536746133
8429,84.29,0.24860181300181916
8430,84.3,0.15167037007306966
8431,84.31,0.7690685112570655
8432,84.32,0.5987437973665454
8433,84.33,0.5435654798709767
8434,84.34,0.88691766567249
8435,84.35,0.965949698191561
8436,84.36,0.4815852612952124
8437,84.37,0.5578141260087287
8438,84.38,0.7577176296918506
8439,84.39,0.5316903527678898
8440,84.4,0.5635103383407717
8441,84.41,0.9981589832089599
8442,84.42,0.8992724804518253
8443,84.43,0.728093757571447
8444,84.44,0.4649243065156805
8445,84.45,0.6546579463121712
8446,84.46,0.9197977650780802
8447,84.47,0.7713255346310229
8448,84.48,0.7427440656906441
8449,84.49,0.7323325423962797
8450,84.5,0.774701157290895
8451,84.51,0.319803622326253
8452,84.52,0.7650848365951828
8453,84.53,0.9557815509171266
8454,84.54,0.8410270541850561
8455,84.55,0.8922987062517348
8456,84.56,0.5753002763962022
8457,84.57,0.6482742476323274
8458,84.58,0.6466361917837473
8459,84.59,0.968182645378106
8460,84.6,0.707069951572767
8461,84.61,0.8937375090073004
8462,84.62,0.5711647742496337
8463,84.63,0.30256172014275773
8464,84.64,0.1676101366456288
8465,84.65,0.8554680415986994
8466,84.66,0.5623160356131373
8467,84.67,0.9572352420226924
8468,84.68,0.480450041934528
8469,84.69,0.44118528927442113
8470,84.7,0.43595532903638157
8471,84.71,0.20191015827777037
8472,84.72,0.9226406575080518
8473,84.73,0.3247887011509669
8474,84.74,0.585207660240675
8475,84.75,0.7897725200058933
8476,84.76,0.2060788606186082
8477,84.77,0.36926019366690677
8478,84.78,0.36419053553250214
8479,84.79,0.29175935016580573
8480,84.8,0.7642231499259085
8481,84.81,0.6119577501286516
8482,84.82,0.2957168752756024
8483,84.83,0.37433781948833234
8484,84.84,0.9398002994300533
8485,84.85,0.6786762719152578
8486,84.86,0.8431546487217848
8487,84.87,0.13188621432984574
8488,84.88,0.5167512826863268
8489,84.89,0.6559738223516688
8490,84.9,0.5394398149233092
8491,84.91,0.4201696575082987
8492,84.92,0.6539772235923892
8493,84.93,0.3956966211536198
8494,84.94,0.41850346994733556
8495,84.95,0.10463897000811634
8496,84.96,0.9011766489609347
8497,84.97,0.26754193575576896
8498,84.98,0.4190790914593441
8499,84.99,0.19120400091799666
8500,85.0,0.5428415073289721
8501,85.01,0.1762694014324762
8502,85.02,0.562886739586733
8503,85.03,0.2383395997408565
8504,85.04,0.21145838366298525
8505,85.05,0.5386709392534151
8506,85.06,0.24006736049430696
8507,85.07,0.6909701013946629
8508,85.08,0.30348570960483556
8509,85.09,0.45582294342576357
8510,85.1,0.36935645735298195
8511,85.11,0.48550732287000153
8512,85.12,0.2639638363032389
8513,85.13,0.8303894686887674
8514,85.14,0.19782549359226465
8515,85.15,0.49471486203858017
8516,85.16,0.8554217151956337
8517,85.17,0.24565087054585635
8518,85.18,0.4183639993696062
8519,85.19,0.4905641392262965
8520,85.2,0.42331307154311715
8521,85.21,0.8834626632802001
8522,85.22,0.27861815616189745
8523,85.23,0.27061036196656363
8524,85.24,0.13623067677253706
8525,85.25,0.4550914047580227
8526,85.26,0.7695315882421445
8527,85.27,0.9108980292711101
8528,85.28,0.24428125098037967
8529,85.29,0.27909273172570953
8530,85.3,0.5313654867092442
8531,85.31,0.6987186058211016
8532,85.32,0.3392196581282695
8533,85.33,0.47898579046250167
8534,85.34,0.5951113056094262
8535,85.35,0.8198380769309612
8536,85.36,0.742888862749119
8537,85.37,0.39239892867193304
8538,85.38,0.7879534386270026
8539,85.39,0.8935898777834208
8540,85.4,0.5516727242871753
8541,85.41,0.9312051256574978
8542,85.42,0.8587566222479595
8543,85.43,0.44996365620401424
8544,85.44,0.1987595056139732
8545,85.45,0.19709162647606182
8546,85.46,0.11903698603444711
8547,85.47,0.23998778991184005
8548,85.48,0.5500008382818404
8549,85.49,0.7906464563011668
8550,85.5,0.3128544416042853
8551,85.51,0.7104792866621329
8552,85.52,0.40792689835055573
8553,85.53,0.9787946741087595
8554,85.54,0.7636884004416018
8555,85.55,0.4908956634415217
8556,85.56,0.36051996614039705
8557,85.57,0.5373363194939003
8558,85.58,0.7848099074218924
8559,85.59,0.3229725692857194
8560,85.6,0.23724615243318464
8561,85.61,0.5601158519698248
8562,85.62,0.32452010775376067
8563,85.63,0.7900548443460313
8564,85.64,0.8777501250593188
8565,85.65,0.9948313544009639
8566,85.66,0.32261893376482575
8567,85.67,0.8385484746563661
8568,85.68,0.2785712132342424
8569,85.69,0.7358148090872557
8570,85.7,0.8289572216030835
8571,85.71,0.7310304586396443
8572,85.72,0.5521005492656708
8573,85.73,0.263069424553231
8574,85.74,0.9932965015574151
8575,85.75,0.6320765790791595
8576,85.76,0.6710294726033023
8577,85.77,0.306445773008578
8578,85.78,0.21906623140837883
8579,85.79,0.1345297883933445
8580,85.8,0.9913589162600014
8581,85.81,0.936188498374732
8582,85.82,0.4836726793340981
8583,85.83,0.6548206223523553
8584,85.84,0.18184188736911938
8585,85.85,0.14585982890663582
8586,85.86,0.46656747141833643
8587,85.87,0.37580135189103314
8588,85.88,0.6699789776065342
8589,85.89,0.3082848839431831
8590,85.9,0.40256006630858976
8591,85.91,0.531275713855138
8592,85.92,0.5588773234513815
8593,85.93,0.6794858399517084
8594,85.94,0.373860990994047
8595,85.95,0.34232148026837805
8596,85.96,0.352500346665821
8597,85.97,0.4159220624001848
8598,85.98,0.4762667799165231
8599,85.99,0.38785679642554827
8600,86.0,0.14280075478238213
8601,86.01,0.13680021614195653
8602,86.02,0.14691757332077376
8603,86.03,0.7702792338242802
8604,86.04,0.29077979592073905
8605,86.05,0.524852347762461
8606,86.06,0.9176337774535241
8607,86.07,0.19068552991611337
8608,86.08,0.2663560027408357
8609,86.09,0.9534953671854564
8610,86.1,0.4272231184009756
8611,86.11,0.3739210255472045
8612,86.12,0.1871984988603948
8613,86.13,0.11229542504746734
8614,86.14,0.5965914040313458
8615,86.15,0.8757768431103026
8616,86.16,0.3980905601718413
8617,86.17,0.7671628924387076
8618,86.18,0.42524646720766135
8619,86.19,0.8009274768085775
8620,86.2,0.5759758572596492
8621,86.21,0.4344330565216168
8622,86.22,0.685223508986475
8623,86.23,0.28902997170310085
8624,86.24,0.4456444209702912
8625,86.25,0.8984744198302103
8626,86.26,0.21743686472328574
8627,86.27,0.7683286930743725
8628,86.28,0.2083189125130701
8629,86.29,0.6279053104780402
8630,86.3,0.9209591485234889
8631,86.31,0.6889196435784416
8632,86.32,0.27139024044301174
8633,86.33,0.7341940485029876
8634,86.34,0.9329505755660956
8635,86.35,0.16739164104786664
8636,86.36,0.5919211205624739
8637,86.37,0.4086081718752441
8638,86.38,0.7528155932335455
8639,86.39,0.9906801535553427
8640,86.4,0.281799205245091
8641,86.41,0.7486925195031249
8642,86.42,0.1394299955297168
8643,86.43,0.2725360548227377
8644,86.44,0.5954461137983412
8645,86.45,0.3272729568364321
8646,86.46,0.8893678082780512
8647,86.47,0.8680944648495258
8648,86.48,0.9161333628320055
8649,86.49,0.9776135415777979
8650,86.5,0.9054217251346321
8651,86.51,0.503633998087631
8652,86.52,0.7455932870930883
8653,86.53,0.9197642616369812
8654,86.54,0.160937646288712
8655,86.55,0.477103744979102
8656,86.56,0.9381990943640456
8657,86.57,0.5534824849053968
8658,86.58,0.11968740858317617
8659,86.59,0.6392382960523201
8660,86.6,0.727035604944365
8661,86.61,0.2160408128849471
8662,86.62,0.14090070322321824
8663,86.63,0.6095572915279421
8664,86.64,0.8149513421597078
8665,86.65,0.7244230007467555
8666,86.66,0.7666436771532904
8667,86.67,0.45774444524588664
8668,86.68,0.716224851304463
8669,86.69,0.883230147973738
8670,86.7,0.9743845758399886
8671,86.71,0.2489663980452004
8672,86.72,0.7756550122674594
8673,86.73,0.4457353778649027
8674,86.74,0.8014349561275707
8675,86.75,0.46076406349611676
8676,86.76,0.34434477006071906
8677,86.77,0.2656597063186801
8678,86.78,0.24400274988046416
8679,86.79,0.2960269498296192
8680,86.8,0.727049572825247
8681,86.81,0.8912395152134044
8682,86.82,0.8115821895116277
8683,86.83,0.5098968882369695
8684,86.84,0.7369786191621516
8685,86.85,0.5725658821534452
8686,86.86,0.3730691542269854
8687,86.87,0.2983026949072429
8688,86.88,0.7374292339508473
8689,86.89,0.5969358288287598
8690,86.9,0.25399818719578166
8691,86.91,0.14105121925629088
8692,86.92,0.3143950973649246
8693,86.93,0.13518160786966837
8694,86.94,0.2333255287098988
8695,86.95,0.89524222500608
8696,86.96,0.934523161647277
8697,86.97,0.3433913699242812
8698,86.98,0.8115591864762304
8699,86.99,0.6781718118639386
8700,87.0,0.32410726689236335
8701,87.01,0.8410692400408919
8702,87.02,0.581135431711125
8703,87.03,0.10125996532873022
8704,87.04,0.41271570898156307
8705,87.05,0.6446435822173712
8706,87.06,0.4321991457947022
8707,87.07,0.1749215405567366
8708,87.08,0.7349155455498975
8709,87.09,0.5943475651564774
8710,87.1,0.7498716318625989
8711,87.11,0.4675085940100415
8712,87.12,0.6503338304564789
8713,87.13,0.39217162643920744
8714,87.14,0.15153708803176708
8715,87.15,0.8343299404484582
8716,87.16,0.8415386074776562
8717,87.17,0.2973516334401741
8718,87.18,0.9687047179916563
8719,87.19,0.2590617152332401
8720,87.2,0.9744442344760496
8721,87.21,0.5836498252420561
8722,87.22,0.9808861485211829
8723,87.23,0.8003673936807751
8724,87.24,0.8024618679652742
8725,87.25,0.19579845927910483
8726,87.26,0.7711928100832094
8727,87.27,0.4437828797928294
8728,87.28,0.6884422468514043
8729,87.29,0.8830232095987102
8730,87.3,0.6708749871247077
8731,87.31,0.5957900232489638
8732,87.32,0.8351623266783833
8733,87.33,0.29857513376948774
8734,87.34,0.3419141522312668
8735,87.35,0.6234974195571287
8736,87.36,0.826959664914006
8737,87.37,0.7776079278880139
8738,87.38,0.24007732943780954
8739,87.39,0.30855082837366093
8740,87.4,0.7536575115510314
8741,87.41,0.4317760060243365
8742,87.42,0.9119513290457889
8743,87.43,0.1843219559368868
8744,87.44,0.26336218948253315
8745,87.45,0.26652522037951787
8746,87.46,0.8761169542260431
8747,87.47,0.26997392932096265
8748,87.48,0.5414665449337628
8749,87.49,0.7565319930193273
8750,87.5,0.6828078445333229
8751,87.51,0.11894257351118474
8752,87.52,0.24662678388303325
8753,87.53,0.2599608423989212
8754,87.54,0.45477760150008006
8755,87.55,0.6470398691971839
8756,87.56,0.16250870771087794
8757,87.57,0.1648438206594849
8758,87.58,0.32072845108450754
8759,87.59,0.9182179494247352
8760,87.6,0.9733469185401042
8761,87.61,0.1902104187896566
8762,87.62,0.5741006949809354
8763,87.63,0.7540881624475104
8764,87.64,0.8271934539870148
8765,87.65,0.642964164836384
8766,87.66,0.4400876167833171
8767,87.67,0.118644323937833
8768,87.68,0.8439060234442118
8769,87.69,0.7871011804600463
8770,87.7,0.680033901640847
8771,87.71,0.13936603828490626
8772,87.72,0.3235086500131031
8773,87.73,0.1752359914846035
8774,87.74,0.2283720451946448
8775,87.75,0.6646459388708581
8776,87.76,0.112147213616672
8777,87.77,0.9697246865068119
8778,87.78,0.9618559219874041
8779,87.79,0.19570505014161127
8780,87.8,0.7625183592470721
8781,87.81,0.40455092539972204
8782,87.82,0.7367101794218173
8783,87.83,0.2820894779660335
8784,87.84,0.532382887480442
8785,87.85,0.6065661110218707
8786,87.86,0.49989357839463966
8787,87.87,0.2468299975741393
8788,87.88,0.39858068772418453
8789,87.89,0.23906199127009486
8790,87.9,0.1502879559187128
8791,87.91,0.7228370781295819
8792,87.92,0.6647372677121431
8793,87.93,0.21076796367084316
8794,87.94,0.8424324113136028
8795,87.95,0.19253378056122275
8796,87.96,0.36706464210383205
8797,87.97,0.5603881746367453
8798,87.98,0.852835046304436
8799,87.99,0.22765152380682058
8800,88.0,0.9209502659878244
8801,88.01,0.12160078290110547
8802,88.02,0.4844218898329493
8803,88.03,0.2326388591377356
8804,88.04,0.6898281377416967
8805,88.05,0.3032959530466931
8806,88.06,0.8910910935400108
8807,88.07,0.4462694266296152
8808,88.08,0.8958015221608137
8809,88.09,0.8405063831169396
8810,88.1,0.20116780432044357
8811,88.11,0.2526031553126219
8812,88.12,0.19912208841793397
8813,88.13,0.19156262919917577
8814,88.14,0.9602641616287294
8815,88.15,0.42157711363331185
8816,88.16,0.6541270911719822
8817,88.17,0.20651587340566624
8818,88.18,0.9309876466708779
8819,88.19,0.9278862429881384
8820,88.2,0.9060278418586563
8821,88.21,0.6440557437836577
8822,88.22,0.26026099909667344
8823,88.23,0.5774325765770648
8824,88.24,0.6396503363790284
8825,88.25,0.7114899805390841
8826,88.26,0.23519803213928486
8827,88.27,0.7005460464838493
8828,88.28,0.37140739010484836
8829,88.29,0.8358062904946878
8830,88.3,0.413547114937469
8831,88.31,0.1935303065477605
8832,88.32,0.9246109198728628
8833,88.33,0.6955585437432024
8834,88.34,0.9395936506901745
8835,88.35,0.8296474733672006
8836,88.36,0.7401760139973103
8837,88.37,0.1687325433639475
8838,88.38,0.1019608883227599
8839,88.39,0.9397854535299872
8840,88.4,0.23377865329389
8841,88.41,0.6902687097484631
8842,88.42,0.3882304030135435
8843,88.43,0.4515396170469065
8844,88.44,0.7492091172722403
8845,88.45,0.8069914846025803
8846,88.46,0.530588811883217
8847,88.47,0.16058227123206573
8848,88.48,0.6200585915499018
8849,88.49,0.963626782998718
8850,88.5,0.35062852822393953
8851,88.51,0.181402316620559
8852,88.52,0.9952945144085747
8853,88.53,0.2636851026921113
8854,88.54,0.4465156578820041
8855,88.55,0.38738420191992695
8856,88.56,0.48144886294871336
8857,88.57,0.7240787511733471
8858,88.58,0.472549911153084
8859,88.59,0.8141514314185363
8860,88.6,0.4001186305612262
8861,88.61,0.8219268355490806
8862,88.62,0.6885587999928326
8863,88.63,0.3213173094754419
8864,88.64,0.4767936683774391
8865,88.65,0.5473920649653116
8866,88.66,0.5803935821603332
8867,88.67,0.579226989169354
8868,88.68,0.8392637782328058
8869,88.69,0.44616452809613905
8870,88.7,0.6228675435738932
8871,88.71,0.47965668495186675
8872,88.72,0.6200887955645717
8873,88.73,0.7241490574938273
8874,88.74,0.7734551496610088
8875,88.75,0.7327839819977074
8876,88.76,0.31167376209451625
8877,88.77,0.10257949518376361
8878,88.78,0.9945147809798687
8879,88.79,0.11543918644009969
8880,88.8,0.602537021238608
8881,88.81,0.9618541942554221
8882,88.82,0.9288136906857839
8883,88.83,0.1536196509020457
8884,88.84,0.41441278103569656
8885,88.85,0.863876349213691
8886,88.86,0.8800952576159103
8887,88.87,0.8371094072268481
8888,88.88,0.3652275593157823
8889,88.89,0.22972621807252688
8890,88.9,0.8679809853162642
8891,88.91,0.9746376412973372
8892,88.92,0.9216585180086588
8893,88.93,0.3182476676230403
8894,88.94,0.8450396269718443
8895,88.95,0.15027909928780664
8896,88.96,0.22402118150526446
8897,88.97,0.96584678684326
8898,88.98,0.7335665704963276
8899,88.99,0.43971470489929143
8900,89.0,0.12371219416342881
8901,89.01,0.968421873317941
8902,89.02,0.4345158081403002
8903,89.03,0.7312615871087376
8904,89.04,0.6964725883561848
8905,89.05,0.16639326609033278
8906,89.06,0.8536934750864884
8907,89.07,0.8834292794939568
8908,89.08,0.12716715732364353
8909,89.09,0.42871979644261116
8910,89.1,0.17109396323964907
8911,89.11,0.1693587669076765
8912,89.12,0.6122648391720741
8913,89.13,0.8323401330027385
8914,89.14,0.23474550238904301
8915,89.15,0.2641820603816826
8916,89.16,0.7692021446384575
8917,89.17,0.7732964118920641
8918,89.18,0.7287075329861729
8919,89.19,0.3695569263634536
8920,89.2,0.47037023492382224
8921,89.21,0.4036032915083786
8922,89.22,0.8032572171119036
8923,89.23,0.7257223219565189
8924,89.24,0.358092163504213
8925,89.25,0.2402986023873144
8926,89.26,0.8930414280161921
8927,89.27,0.1289071965497451
8928,89.28,0.7760196362154348
8929,89.29,0.5529658805155301
8930,89.3,0.10978081864678568
8931,89.31,0.8494120849762758
8932,89.32,0.7119131896899473
8933,89.33,0.8883788623576376
8934,89.34,0.5987403291483676
8935,89.35,0.8465664076227614
8936,89.36,0.9272352070723371
8937,89.37,0.5516851937430394
8938,89.38,0.7384175338192535
8939,89.39,0.48130323542881914
8940,89.4,0.24112057346586016
8941,89.41,0.9758100962843214
8942,89.42,0.5693509402856547
8943,89.43,0.9801336553392241
8944,89.44,0.21262002042547812
8945,89.45,0.29067781910570095
8946,89.46,0.6571393843769814
8947,89.47,0.2970157716651399
8948,89.48,0.2653243954498653
8949,89.49,0.7713961636900056
8950,89.5,0.603364859108441
8951,89.51,0.8575416905394816
8952,89.52,0.8349029520391221
8953,89.53,0.5215924861257869
8954,89.54,0.38187069436483057
8955,89.55,0.6777017508789143
8956,89.56,0.8445283118070889
8957,89.57,0.24834192357364657
8958,89.58,0.8230053345436626
8959,89.59,0.6819824761286355
8960,89.6,0.2752575303832263
8961,89.61,0.19756079386144915
8962,89.62,0.17002771888994772
8963,89.63,0.6428711503812486
8964,89.64,0.8619483471060134
8965,89.65,0.12524397384805172
8966,89.66,0.3539862382895079
8967,89.67,0.5874111234830177
8968,89.68,0.15878725044964956
8969,89.69,0.6373996802410431
8970,89.7,0.7808692963325852
8971,89.71,0.378208101309608
8972,89.72,0.5965222394582131
8973,89.73,0.674550064923478
8974,89.74,0.129130112501246
8975,89.75,0.3422512112299756
8976,89.76,0.978996832021404
8977,89.77,0.6083171318500271
8978,89.78,0.6073653898227555
8979,89.79,0.8112031328337362
8980,89.8,0.1411125514152945
8981,89.81,0.38312226298369345
8982,89.82,0.9491582272778777
8983,89.83,0.10763085769480062
8984,89.84,0.4209842292704543
8985,89.85,0.35416196184504867
8986,89.86,0.45832274966086806
8987,89.87,0.27539533587563925
8988,89.88,0.7766580436496225
8989,89.89,0.753119312377673
8990,89.9,0.9764656686526924
8991,89.91,0.7323911294878853
8992,89.92,0.18764185233553027
8993,89.93,0.4665579051290456
8994,89.94,0.7673062075169426
8995,89.95,0.1909025948640659
8996,89.96,0.8267448998805446
8997,89.97,0.2351679922738431
8998,89.98,0.6284579583738921
8999,89.99,0.4439005585704575
9000,90.0,0.6277223831559055
9001,90.01,0.8668243865196962
9002,90.02,0.36110744286403584
9003,90.03,0.23638402979177664
9004,90.04,0.5167956007337389
9005,90.05,0.89668348553298
9006,90.06,0.18396177856278761
9007,90.07,0.7466164366037626
9008,90.08,0.8959618612683004
9009,90.09,0.8267284304895531
9010,90.1,0.688798134973469
9011,90.11,0.7919431436560979
9012,90.12,0.24494232381936135
9013,90.13,0.9673006232936525
9014,90.14,0.5646707176644428
9015,90.15,0.7558485757400469
9016,90.16,0.6862554235082743
9017,90.17,0.9372044830901368
9018,90.18,0.40727376045832175
9019,90.19,0.8068166726684407
9020,90.2,0.40511863799212444
9021,90.21,0.42428472013118623
9022,90.22,0.87035729770457
9023,90.23,0.4878113011718661
9024,90.24,0.9016119378915893
9025,90.25,0.7967575007273713
9026,90.26,0.44887084450721415
9027,90.27,0.28793857691666885
9028,90.28,0.6493485096558134
9029,90.29,0.16749846013049846
9030,90.3,0.23716126613475952
9031,90.31,0.6650106817108696
9032,90.32,0.5477705418144571
9033,90.33,0.8242537998664944
9034,90.34,0.22836026914183483
9035,90.35,0.8834117321564858
9036,90.36,0.5924224472104036
9037,90.37,0.9720524066511148
9038,90.38,0.8033009656192464
9039,90.39,0.17845091558263476
9040,90.4,0.18470259464775818
9041,90.41,0.38234683016498283
9042,90.42,0.940650374189372
9043,90.43,0.24532523647953308
9044,90.44,0.3521055900965665
9045,90.45,0.4269954392167302
9046,90.46,0.18030631738916428
9047,90.47,0.26126762732557596
9048,90.48,0.794746459384762
9049,90.49,0.33214968955165874
9050,90.5,0.525934858475889
9051,90.51,0.3304236731442192
9052,90.52,0.8889920823115173
9053,90.53,0.6852628747503808
9054,90.54,0.2264025192398319
9055,90.55,0.2115696018525405
9056,90.56,0.6118601049440584
9057,90.57,0.13563337718788457
9058,90.58,0.8731029298749756
9059,90.59,0.4608452928671979
9060,90.6,0.8713008631595607
9061,90.61,0.9254261047581307
9062,90.62,0.21608581466037707
9063,90.63,0.4300590393038938
9064,90.64,0.8603520792884283
9065,90.65,0.9568404628506367
9066,90.66,0.4363147860403469
9067,90.67,0.7139808071544379
9068,90.68,0.5553481869778264
9069,90.69,0.3365446894591134
9070,90.7,0.88798281097504
9071,90.71,0.7143000277758241
9072,90.72,0.6585523514426385
9073,90.73,0.6794801067661702
9074,90.74,0.7669383042419818
9075,90.75,0.3203351067734566
9076,90.76,0.8391115315610197
9077,90.77,0.1071486513250023
9078,90.78,0.8677538059262052
9079,90.79,0.3615945401656592
9080,90.8,0.24238522360563536
9081,90.81,0.4593523783120981
9082,90.82,0.16568080932457857
9083,90.83,0.4494006990398689
9084,90.84,0.5160507150160931
9085,90.85,0.18415280814501767
9086,90.86,0.5192898364487277
9087,90.87,0.6782360343754602
9088,90.88,0.910113863918638
9089,90.89,0.518367697285169
9090,90.9,0.1772402917016001
9091,90.91,0.7586003109627477
9092,90.92,0.9257143166928985
9093,90.93,0.9302416738662896
9094,90.94,0.7913949853912216
9095,90.95,0.279523899863425
9096,90.96,0.3958485734315542
9097,90.97,0.38555637604133175
9098,90.98,0.9967944088871217
9099,90.99,0.5376655145836745
9100,91.0,0.7320617546674332
9101,91.01,0.5285975218034819
9102,91.02,0.35053755647779095
9103,91.03,0.1344541049791358
9104,91.04,0.24016700576007594
9105,91.05,0.5229707906466902
9106,91.06,0.6761947437533968
9107,91.07,0.3881679573013329
9108,91.08,0.12819092861585066
9109,91.09,0.6409696720300985
9110,91.1,0.44225634154796767
9111,91.11,0.9428136998987214
9112,91.12,0.42534348302038916
9113,91.13,0.48709876522946904
9114,91.14,0.5260686754590179
9115,91.15,0.14866976358252462
9116,91.16,0.8812185415673885
9117,91.17,0.9573805085029807
9118,91.18,0.7153042963193976
9119,91.19,0.342863299152733
9120,91.2,0.6721185636408259
9121,91.21,0.1752321550813623
9122,91.22,0.16233314459409398
9123,91.23,0.4645616320784255
9124,91.24,0.3685031226754062
9125,91.25,0.740986032085708
9126,91.26,0.8841602167319482
9127,91.27,0.5723001487008811
9128,91.28,0.7026799597126696
9129,91.29,0.33350250322871244
9130,91.3,0.8474941823509935
9131,91.31,0.18319713402882903
9132,91.32,0.9114775634235207
9133,91.33,0.4078172331082015
9134,91.34,0.7778584455491191
9135,91.35,0.24807995318431236
9136,91.36,0.4143486331980487
9137,91.37,0.47719097013371226
9138,91.38,0.5279494761076245
9139,91.39,0.7199474439432595
9140,91.4,0.2446202439742598
9141,91.41,0.7270210772239087
9142,91.42,0.41922313884897555
9143,91.43,0.7236112930870442
9144,91.44,0.4502241703921118
9145,91.45,0.1089383580149531
9146,91.46,0.8047651365727286
9147,91.47,0.6374157747529743
9148,91.48,0.17002784200348936
9149,91.49,0.7011662395346195
9150,91.5,0.6548611367505454
9151,91.51,0.3913593172852444
9152,91.52,0.9877311523344623
9153,91.53,0.9450721529194781
9154,91.54,0.7685527126693087
9155,91.55,0.7630473573492017
9156,91.56,0.38486376041746206
9157,91.57,0.23545565163233131
9158,91.58,0.5127931605312039
9159,91.59,0.2327379275076173
9160,91.6,0.8778712137398649
9161,91.61,0.2022461884678537
9162,91.62,0.97297851224654
9163,91.63,0.46574797434003967
9164,91.64,0.5686225283895241
9165,91.65,0.10330920211534755
9166,91.66,0.5055030707194758
9167,91.67,0.8492597451175776
9168,91.68,0.2131454845582228
9169,91.69,0.5043957857416924
9170,91.7,0.9725117602984555
9171,91.71,0.18770144904283714
9172,91.72,0.29676049479199035
9173,91.73,0.9811287899977806
9174,91.74,0.4781584980100503
9175,91.75,0.5914776049326804
9176,91.76,0.249490925228961
9177,91.77,0.4398009143361714
9178,91.78,0.4132769986151662
9179,91.79,0.957139193058335
9180,91.8,0.9745700546478139
9181,91.81,0.6191527862816603
9182,91.82,0.11293391610108888
9183,91.83,0.8324014144198224
9184,91.84,0.11457214185409262
9185,91.85,0.9069894222637181
9186,91.86,0.5518766800846633
9187,91.87,0.8809823335131318
9188,91.88,0.7293854314775585
9189,91.89,0.6840205095644544
9190,91.9,0.5103977365244057
9191,91.91,0.4693481297534412
9192,91.92,0.4169900986952132
9193,91.93,0.5882203145568391
9194,91.94,0.5708528405179317
9195,91.95,0.7885730259287651
9196,91.96,0.20204199950183904
9197,91.97,0.2582324245046169
9198,91.98,0.4855452525303463
9199,91.99,0.25920564455895284
9200,92.0,0.6354026291250543
9201,92.01,0.5884865909240287
9202,92.02,0.4434069905916239
9203,92.03,0.8605824477497118
9204,92.04,0.7196955905277553
9205,92.05,0.49374430455786367
9206,92.06,0.3549235264352214
9207,92.07,0.6583388406344606
9208,92.08,0.9326220371968633
9209,92.09,0.8712975404359591
9210,92.1,0.9958268991027635
9211,92.11,0.82534578631454
9212,92.12,0.19343083560969043
9213,92.13,0.6846621276049601
9214,92.14,0.6546343344393899
9215,92.15,0.4701516977944058
9216,92.16,0.5467644361775317
9217,92.17,0.7765540827918285
9218,92.18,0.9345060183872309
9219,92.19,0.18973186515400287
9220,92.2,0.4996930208282572
9221,92.21,0.6231102237499027
9222,92.22,0.12937198356493648
9223,92.23,0.3609140132854486
9224,92.24,0.47857677184554936
9225,92.25,0.300591433787288
9226,92.26,0.5091668918462777
9227,92.27,0.4429718479741439
9228,92.28,0.27600421436658773
9229,92.29,0.5226168182156707
9230,92.3,0.21199650478029475
9231,92.31,0.9708544918475753
9232,92.32,0.9226263867136271
9233,92.33,0.4716412679642007
9234,92.34,0.8383761777011564
9235,92.35,0.7334514610929165
9236,92.36,0.7670377511995113
9237,92.37,0.10684462149184287
9238,92.38,0.43717942091805073
9239,92.39,0.30154293892387096
9240,92.4,0.35524398044383687
9241,92.41,0.8916464447439735
9242,92.42,0.33804916349542896
9243,92.43,0.8546357573003005
9244,92.44,0.815624388444453
9245,92.45,0.4732448719886745
9246,92.46,0.317398995188935
9247,92.47,0.9101685279470171
9248,92.48,0.4731009940013823
9249,92.49,0.11397705840782922
9250,92.5,0.23803781354024342
9251,92.51,0.4369651664547075
9252,92.52,0.83503631030818
9253,92.53,0.8380309512251681
9254,92.54,0.6399511067995717
9255,92.55,0.40158094430990265
9256,92.56,0.9632445336503438
9257,92.57,0.9935462123678453
9258,92.58,0.3176480017614783
9259,92.59,0.9761412907557647
9260,92.6,0.27339436303556797
9261,92.61,0.6799909223168042
9262,92.62,0.8456949095906532
9263,92.63,0.8211984816100174
9264,92.64,0.6200682542189374
9265,92.65,0.21598341796884338
9266,92.66,0.6726461421800444
9267,92.67,0.9796200711675095
9268,92.68,0.25634554373329216
9269,92.69,0.9137542351060542
9270,92.7,0.565549370218808
9271,92.71,0.4936614283015769
9272,92.72,0.18962013154493546
9273,92.73,0.8210547768600079
9274,92.74,0.5538313419113714
9275,92.75,0.6682969616296914
9276,92.76,0.8058531645894866
9277,92.77,0.8587276539650163
9278,92.78,0.6645865434780629
9279,92.79,0.33420711050632657
9280,92.8,0.5976149577136922
9281,92.81,0.9538302733761382
9282,92.82,0.28338631901092065
9283,92.83,0.183938866280587
9284,92.84,0.49367893494951953
9285,92.85,0.6660047135727778
9286,92.86,0.6339593726228456
9287,92.87,0.12503650081373505
9288,92.88,0.7368183224596473
9289,92.89,0.9285349546012274
9290,92.9,0.17089525397579702
9291,92.91,0.4441643642094797
9292,92.92,0.7681056615766305
9293,92.93,0.21749321360195256
9294,92.94,0.508335635595149
9295,92.95,0.6683516129838732
9296,92.96,0.4223092166177902
9297,92.97,0.31574969580225976
9298,92.98,0.9081183165280499
9299,92.99,0.36723025571142154
9300,93.0,0.581875498268091
9301,93.01,0.3207289759343963
9302,93.02,0.8020260574399505
9303,93.03,0.8074433791659493
9304,93.04,0.7933524268450718
9305,93.05,0.6933319259179679
9306,93.06,0.34746834244330993
9307,93.07,0.9414783040388864
9308,93.08,0.6646942080618943
9309,93.09,0.6745479128235433
9310,93.1,0.6214191181975985
9311,93.11,0.1930773071932671
9312,93.12,0.5132149512654477
9313,93.13,0.6363049977303734
9314,93.14,0.19636898806431768
9315,93.15,0.3542167345866203
9316,93.16,0.9051443097186455
9317,93.17,0.18349942691358384
9318,93.18,0.5448205460620019
9319,93.19,0.4252575861025394
9320,93.2,0.8544842950044215
9321,93.21,0.451720187743042
9322,93.22,0.5419332617215612
9323,93.23,0.11976127156891382
9324,93.24,0.16621837271649803
9325,93.25,0.9632954557472057
9326,93.26,0.16868141658057545
9327,93.27,0.7186027696573466
9328,93.28,0.4377289325054151
9329,93.29,0.3822264423235998
9330,93.3,0.9174721599056621
9331,93.31,0.8276941496505832
9332,93.32,0.26182579225957003
9333,93.33,0.10912626246567333
9334,93.34,0.2608093648679536
9335,93.35,0.6105644648379985
9336,93.36,0.6459893730977776
9337,93.37,0.12830542628084432
9338,93.38,0.9783242867032393
9339,93.39,0.9943656199582319
9340,93.4,0.5355198934333357
9341,93.41,0.6526044967770097
9342,93.42,0.5918344945051752
9343,93.43,0.2425494415281243
9344,93.44,0.7675271461088279
9345,93.45,0.9339248613225986
9346,93.46,0.2735607336871303
9347,93.47,0.12659971849887638
9348,93.48,0.12073435758199856
9349,93.49,0.5605702488486832
9350,93.5,0.2371114149292996
9351,93.51,0.8801868321627495
9352,93.52,0.20330961129602143
9353,93.53,0.2952620068680335
9354,93.54,0.3947857553117612
9355,93.55,0.2977850003175324
9356,93.56,0.7549695091131444
9357,93.57,0.9458632932150529
9358,93.58,0.3408314790301012
9359,93.59,0.5334173849173917
9360,93.6,0.9579064248708847
9361,93.61,0.4136980417167784
9362,93.62,0.5963474026823943
9363,93.63,0.36488878965630656
9364,93.64,0.7706750104435575
9365,93.65,0.5462215348516091
9366,93.66,0.5613908920564585
9367,93.67,0.4599479364612199
9368,93.68,0.2737488145014929
9369,93.69,0.2556635638929069
9370,93.7,0.7183517110454454
9371,93.71,0.8985834020797648
9372,93.72,0.35297448758545646
9373,93.73,0.45354333216402776
9374,93.74,0.6252834298747622
9375,93.75,0.7898039805056228
9376,93.76,0.38042661658739896
9377,93.77,0.8146895735356854
9378,93.78,0.9583858672518604
9379,93.79,0.539048610554073
9380,93.8,0.8945716001208271
9381,93.81,0.481363589590019
9382,93.82,0.7723713431098054
9383,93.83,0.8343029796099202
9384,93.84,0.6606198660791158
9385,93.85,0.6465660851056967
9386,93.86,0.4863816781323306
9387,93.87,0.6104278312446471
9388,93.88,0.43656443810541334
9389,93.89,0.6694286207661593
9390,93.9,0.15783962759720563
9391,93.91,0.250524147603696
9392,93.92,0.13038400979554418
9393,93.93,0.5602211291175878
9394,93.94,0.6281823185743945
9395,93.95,0.36412619161228743
9396,93.96,0.8440177767688548
9397,93.97,0.6805881735335311
9398,93.98,0.968630724232259
9399,93.99,0.41702800213155156
9400,94.0,0.12694595533002137
9401,94.01,0.26191381237012457
9402,94.02,0.39041304578220937
9403,94.03,0.8118067351529256
9404,94.04,0.42197006509293866
9405,94.05,0.16537629808236465
9406,94.06,0.691259150464045
9407,94.07,0.4347678559313394
9408,94.08,0.8015630981550187
9409,94.09,0.21007324463628002
9410,94.1,0.38673022701936344
9411,94.11,0.10981092188598478
9412,94.12,0.39598245019015055
9413,94.13,0.5188389644825632
9414,94.14,0.8157154790267729
9415,94.15,0.9088695765240777
9416,94.16,0.6054765251249941
9417,94.17,0.4470317949000957
9418,94.18,0.6416217199784342
9419,94.19,0.5745361253300092
9420,94.2,0.19262817431139073
9421,94.21,0.3502436216521193
9422,94.22,0.6471139367792303
9423,94.23,0.895024111320703
9424,94.24,0.8739213750080054
9425,94.25,0.16734177631552177
9426,94.26,0.9033976180973879
9427,94.27,0.47957512672184954
9428,94.28,0.7805810830867663
9429,94.29,0.3860049652461337
9430,94.3,0.3881092680866671
9431,94.31,0.2774109270028305
9432,94.32,0.8224526729027989
9433,94.33,0.5487858715810825
9434,94.34,0.9912337448222481
9435,94.35,0.47911352148155206
9436,94.36,0.21168341120709921
9437,94.37,0.25402575613027517
9438,94.38,0.394187283754751
9439,94.39,0.4445717663525024
9440,94.4,0.6187724360759692
9441,94.41,0.3565332227651228
9442,94.42,0.6792999476565053
9443,94.43,0.8704927602274929
9444,94.44,0.9891592890335791
9445,94.45,0.9204788291126091
9446,94.46,0.35592923699283774
9447,94.47,0.8574785774213686
9448,94.48,0.46252971092840556
9449,94.49,0.9062465725848101
9450,94.5,0.9262310346570783
9451,94.51,0.13520822006203884
9452,94.52,0.6802980997759481
9453,94.53,0.16250870319384347
9454,94.54,0.18560783599961692
9455,94.55,0.8222619539020283
9456,94.56,0.750928302637476
9457,94.57,0.3472061916103265
9458,94.58,0.7783230514171869
9459,94.59,0.4603099083288795
9460,94.6,0.6008051812436587
9461,94.61,0.38185719508258054
9462,94.62,0.6510885822949223
9463,94.63,0.45399474254697136
9464,94.64,0.7268112449762981
9465,94.65,0.5091235670745593
9466,94.66,0.8638050815238612
9467,94.67,0.9704372750179815
9468,94.68,0.2092716519442802
9469,94.69,0.4365154746467871
9470,94.7,0.6561793013846073
9471,94.71,0.12635936365733239
9472,94.72,0.14305081473969578
9473,94.73,0.10935642439768445
9474,94.74,0.19462212468822543
9475,94.75,0.3905731363240621
9476,94.76,0.718839020668179
9477,94.77,0.4921142161168689
9478,94.78,0.2531723073066402
9479,94.79,0.2720437239981973
9480,94.8,0.9120488362837864
9481,94.81,0.4319915796409015
9482,94.82,0.9125925249144623
9483,94.83,0.9906085267994345
9484,94.84,0.9406993204311812
9485,94.85,0.881213385218694
9486,94.86,0.3337189219518557
9487,94.87,0.8064496318904203
9488,94.88,0.1997232373297441
9489,94.89,0.9524303747256181
9490,94.9,0.16753795770819796
9491,94.91,0.39639607682175504
9492,94.92,0.6514755696986991
9493,94.93,0.8312369737148345
9494,94.94,0.34292084894179065
9495,94.95,0.25330476710477895
9496,94.96,0.22398699317207837
9497,94.97,0.5146243863397187
9498,94.98,0.21365983625798976
9499,94.99,0.875705409297357
9500,95.0,0.7777313442954217
9501,95.01,0.8990185712660723
9502,95.02,0.9692526370728713
9503,95.03,0.471964525976876
9504,95.04,0.5021017663286009
9505,95.05,0.21013597823371982
9506,95.06,0.574830035242968
9507,95.07,0.6200962501029232
9508,95.08,0.6951420779607701
9509,95.09,0.9787145074642258
9510,95.1,0.38972022678985874
9511,95.11,0.7577781225326335
9512,95.12,0.3032474665538924
9513,95.13,0.33743083022223247
9514,95.14,0.3666107694822791
9515,95.15,0.17451484663567482
9516,95.16,0.6026637111007264
9517,95.17,0.8855850988487797
9518,95.18,0.6935326999606254
9519,95.19,0.7617414509525681
9520,95.2,0.2853021109511596
9521,95.21,0.1702150558503714
9522,95.22,0.9745886880542723
9523,95.23,0.15424023562094508
9524,95.24,0.11181529613918854
9525,95.25,0.2945219212869953
9526,95.26,0.8366602997970148
9527,95.27,0.26912568687558924
9528,95.28,0.1940812461555386
9529,95.29,0.28779531220045584
9530,95.3,0.6314707896518876
9531,95.31,0.5748801742682947
9532,95.32,0.8726129508169228
9533,95.33,0.7844391625370325
9534,95.34,0.38064288674042457
9535,95.35,0.5086197688412697
9536,95.36,0.23859903263320237
9537,95.37,0.5540602683655502
9538,95.38,0.9227127381939773
9539,95.39,0.296906347759273
9540,95.4,0.4272794049011035
9541,95.41,0.9775582150160425
9542,95.42,0.881072908330189
9543,95.43,0.562117638310184
9544,95.44,0.8020189535631568
9545,95.45,0.2691581253839685
9546,95.46,0.35005459100592573
9547,95.47,0.2477766924920633
9548,95.48,0.37643210184831266
9549,95.49,0.8828482420706603
9550,95.5,0.6835446662594222
9551,95.51,0.2325607606385552
9552,95.52,0.8885766125951413
9553,95.53,0.7705233938930873
9554,95.54,0.31650621529615774
9555,95.55,0.9046882488933364
9556,95.56,0.26832678943932803
9557,95.57,0.1257276246593622
9558,95.58,0.6956969535186652
9559,95.59,0.5073768244442428
9560,95.6,0.3390208527929602
9561,95.61,0.9342349476760167
9562,95.62,0.1756600895448338
9563,95.63,0.48832627304538656
9564,95.64,0.23555804161157606
9565,95.65,0.5519713527542619
9566,95.66,0.5571341417757091
9567,95.67,0.14784136486952407
9568,95.68,0.3453299800515369
9569,95.69,0.18803142789170854
9570,95.7,0.6837595734318366
9571,95.71,0.7588014486075786
9572,95.72,0.4803295349667852
9573,95.73,0.36460530512410894
9574,95.74,0.462422892890726
9575,95.75,0.6346442486966635
9576,95.76,0.5766064781449982
9577,95.77,0.5442546044793473
9578,95.78,0.490208807574705
9579,95.79,0.7130444723731599
9580,95.8,0.681710371554269
9581,95.81,0.9630745455620774
9582,95.82,0.297621788111844
9583,95.83,0.14782399390304543
9584,95.84,0.13211916176756805
9585,95.85,0.3395604201770605
9586,95.86,0.1592626473227035
9587,95.87,0.19092879182035866
9588,95.88,0.3038185141558964
9589,95.89,0.6581986667928178
9590,95.9,0.7442409862883645
9591,95.91,0.4527172807872063
9592,95.92,0.19117384476884797
9593,95.93,0.7605319354061916
9594,95.94,0.891574903745319
9595,95.95,0.3414402547899968
9596,95.96,0.28513483817820395
9597,95.97,0.8071548862995053
9598,95.98,0.41286980191774136
9599,95.99,0.35919329475811135
9600,96.0,0.6366820570765492
9601,96.01,0.7604940436988784
9602,96.02,0.18481831004150906
9603,96.03,0.5529161372557595
9604,96.04,0.7304241043322273
9605,96.05,0.5290824962048357
9606,96.06,0.3747917694397832
9607,96.07,0.916000989967155
9608,96.08,0.314757536748121
9609,96.09,0.3836012491084504
9610,96.1,0.1625091705469855
9611,96.11,0.2686099708001299
9612,96.12,0.9098822996742627
9613,96.13,0.22765028972937704
9614,96.14,0.11146134510210334
9615,96.15,0.5271406217301658
9616,96.16,0.40064873485821606
9617,96.17,0.2597635468612147
9618,96.18,0.33744896943220326
9619,96.19,0.16927936117092218
9620,96.2,0.7112826480286917
9621,96.21,0.8677807011362946
9622,96.22,0.634604639686117
9623,96.23,0.9725873777750665
9624,96.24,0.6248429723151462
9625,96.25,0.5394766068897895
9626,96.26,0.32275938634061385
9627,96.27,0.19844739765419706
9628,96.28,0.8370337949369232
9629,96.29,0.6105400570634129
9630,96.3,0.9913717915236406
9631,96.31,0.8518231280554749
9632,96.32,0.5727422658565031
9633,96.33,0.25057426377753333
9634,96.34,0.23192466346719035
9635,96.35,0.1845190889387817
9636,96.36,0.37414204421269415
9637,96.37,0.762567815945369
9638,96.38,0.5073547172665273
9639,96.39,0.7613335036911288
9640,96.4,0.9908138065870371
9641,96.41,0.3316055610557472
9642,96.42,0.53784398234027
9643,96.43,0.42786039868649606
9644,96.44,0.11220494840275146
9645,96.45,0.4173637402878748
9646,96.46,0.7391414359239115
9647,96.47,0.9022351746711726
9648,96.48,0.797073665988023
9649,96.49,0.8712605444983762
9650,96.5,0.9119501446137384
9651,96.51,0.6361691865020942
9652,96.52,0.20148496063756716
9653,96.53,0.7172057417584807
9654,96.54,0.7553939884589633
9655,96.55,0.11865455011360598
9656,96.56,0.9807736938393641
9657,96.57,0.870638971762583
9658,96.58,0.6934302217861887
9659,96.59,0.2274698132386428
9660,96.6,0.5480490083084568
9661,96.61,0.31993102446068655
9662,96.62,0.7669111864732613
9663,96.63,0.9759615293715034
9664,96.64,0.42347793568429926
9665,96.65,0.769928607198198
9666,96.66,0.27445790118413066
9667,96.67,0.9593329663574727
9668,96.68,0.6748603775884098
9669,96.69,0.9689077544698975
9670,96.7,0.889429632307608
9671,96.71,0.7109213731469569
9672,96.72,0.9092992441441968
9673,96.73,0.5043424121186025
9674,96.74,0.962475512836006
9675,96.75,0.5742161911536531
9676,96.76,0.3387783998198405
9677,96.77,0.7111597263363044
9678,96.78,0.899195412532062
9679,96.79,0.4519236030446966
9680,96.8,0.4755648572053003
9681,96.81,0.9945493373917224
9682,96.82,0.37839096763368996
9683,96.83,0.13698997960660717
9684,96.84,0.568069959667713
9685,96.85,0.4089469987955273
9686,96.86,0.6511306867798055
9687,96.87,0.4901136608108849
9688,96.88,0.5095249065011455
9689,96.89,0.9713377320265248
9690,96.9,0.8131064609609397
9691,96.91,0.35956768020370244
9692,96.92,0.972522901054482
9693,96.93,0.5490343170949051
9694,96.94,0.71697402993156
9695,96.95,0.5196857252182868
9696,96.96,0.23520497658005018
9697,96.97,0.9700043220877914
9698,96.98,0.6614156201655176
9699,96.99,0.6978882889922421
9700,97.0,0.3732810395817632
9701,97.01,0.3594339583676669
9702,97.02,0.8198065583799337
9703,97.03,0.11403315967673334
9704,97.04,0.13685778450662472
9705,97.05,0.3547155688920881
9706,97.06,0.6337644562951639
9707,97.07,0.14787395402438788
9708,97.08,0.375239350680867
9709,97.09,0.4872905456798521
9710,97.1,0.6942279834352363
9711,97.11,0.10057754028522845
9712,97.12,0.3262901166375496
9713,97.13,0.41519641198851076
9714,97.14,0.3549389832223725
9715,97.15,0.8731094893201731
9716,97.16,0.6987933990558375
9717,97.17,0.7919968404224083
9718,97.18,0.23953331379828402
9719,97.19,0.17740311877338133
9720,97.2,0.34360200560375914
9721,97.21,0.9963228304665374
9722,97.22,0.2770546718600817
9723,97.23,0.6267023528101582
9724,97.24,0.1726461444923417
9725,97.25,0.29697198889347176
9726,97.26,0.5258599910113312
9727,97.27,0.41916901412498686
9728,97.28,0.830538179804759
9729,97.29,0.6733401838512476
9730,97.3,0.4803069588482547
9731,97.31,0.970216133547921
9732,97.32,0.188324826983588
9733,97.33,0.335134820104947
9734,97.34,0.3718203897575655
9735,97.35,0.3796622205970568
9736,97.36,0.6075168504732448
9737,97.37,0.7110308899606701
9738,97.38,0.39023191201643803
9739,97.39,0.6203506754730547
9740,97.4,0.7149890653110617
9741,97.41,0.27955599818392396
9742,97.42,0.2221216766139944
9743,97.43,0.5988553924826596
9744,97.44,0.3709560392386949
9745,97.45,0.17703813439310134
9746,97.46,0.6099985810697583
9747,97.47,0.6654869445788781
9748,97.48,0.5912476082521301
9749,97.49,0.4383693494213011
9750,97.5,0.8883293312077754
9751,97.51,0.4932035340848421
9752,97.52,0.2247488876723815
9753,97.53,0.497711198216081
9754,97.54,0.3819344159471515
9755,97.55,0.9413918332505744
9756,97.56,0.7413386547699801
9757,97.57,0.5215409868864302
9758,97.58,0.4849022538952329
9759,97.59,0.4784550984598862
9760,97.6,0.4692327619728117
9761,97.61,0.12490564451592012
9762,97.62,0.6030181931240849
9763,97.63,0.9617425783730501
9764,97.64,0.47882675960351584
9765,97.65,0.7802708098778652
9766,97.66,0.6536876955342583
9767,97.67,0.3721509867010181
9768,97.68,0.31838108988322444
9769,97.69,0.560986116050184
9770,97.7,0.21454737453759287
9771,97.71,0.588942596390256
9772,97.72,0.6090171403439694
9773,97.73,0.3640088680996181
9774,97.74,0.7798016560122117
9775,97.75,0.4533933901290763
9776,97.76,0.4626479134192415
9777,97.77,0.10535756138359774
9778,97.78,0.8267329237363932
9779,97.79,0.8874197853074033
9780,97.8,0.5141986776536571
9781,97.81,0.14891161081338805
9782,97.82,0.1492234792050522
9783,97.83,0.8469048603442025
9784,97.84,0.6848919465865494
9785,97.85,0.4001351090886125
9786,97.86,0.1876591558735528
9787,97.87,0.36151923171355616
9788,97.88,0.5333211103195966
9789,97.89,0.3981768368026817
9790,97.9,0.15477829284443267
9791,97.91,0.7664256455462853
9792,97.92,0.7069716994444935
9793,97.93,0.7654270801339763
9794,97.94,0.14771823980968737
9795,97.95,0.2845580046224417
9796,97.96,0.22973671038332819
9797,97.97,0.7663817068230406
9798,97.98,0.545774187317211
9799,97.99,0.30118922520836516
9800,98.0,0.7081126852013269
9801,98.01,0.867030126149192
9802,98.02,0.3708029878542983
9803,98.03,0.3798017460646319
9804,98.04,0.9902427669083929
9805,98.05,0.10580572057556478
9806,98.06,0.536459629694354
9807,98.07,0.7189972272562226
9808,98.08,0.20323797732910404
9809,98.09,0.10003214059561397
9810,98.1,0.6434115960591223
9811,98.11,0.20893097570419533
9812,98.12,0.18717727305356763
9813,98.13,0.2838642887267941
9814,98.14,0.526368162946334
9815,98.15,0.8494538072885874
9816,98.16,0.499434287485797
9817,98.17,0.15008784557461732
9818,98.18,0.20963027305849918
9819,98.19,0.4641016024004486
9820,98.2,0.9844266397181118
9821,98.21,0.8382438615816463
9822,98.22,0.8575487230938335
9823,98.23,0.5920473227966158
9824,98.24,0.8395178128144446
9825,98.25,0.7131884023190801
9826,98.26,0.8733824990119292
9827,98.27,0.6554426663434273
9828,98.28,0.48911832892612905
9829,98.29,0.6725774483344859
9830,98.3,0.26632706766961184
9831,98.31,0.83669509045883
9832,98.32,0.6917188265667387
9833,98.33,0.2536979426470659
9834,98.34,0.7674982482915058
9835,98.35,0.5920129230642015
9836,98.36,0.5285425590904043
9837,98.37,0.3610325698592076
9838,98.38,0.7007819763572344
9839,98.39,0.9631822729847387
9840,98.4,0.5436677227214386
9841,98.41,0.7009296934877575
9842,98.42,0.4520702983978294
9843,98.43,0.7278874331703012
9844,98.44,0.19660225523685904
9845,98.45,0.4752068216513413
9846,98.46,0.4823496604960402
9847,98.47,0.1251735929778218
9848,98.48,0.5113740519293684
9849,98.49,0.6077881757206205
9850,98.5,0.10991767959657504
9851,98.51,0.37248541288580883
9852,98.52,0.6805980889900035
9853,98.53,0.9038988760968468
9854,98.54,0.6578888162972886
9855,98.55,0.13836861712707202
9856,98.56,0.9163525918070539
9857,98.57,0.9665168726844576
9858,98.58,0.5211163967414332
9859,98.59,0.7507587411442037
9860,98.6,0.34921363523757487
9861,98.61,0.9835783171838751
9862,98.62,0.42197289653550485
9863,98.63,0.8702556146302814
9864,98.64,0.5528850591905573
9865,98.65,0.41395067358237114
9866,98.66,0.7356021551232791
9867,98.67,0.4515618932376849
9868,98.68,0.15648919386451832
9869,98.69,0.6903273227532389
9870,98.7,0.41668030239895015
9871,98.71,0.7472881980749442
9872,98.72,0.40536196912477584
9873,98.73,0.7436640998184495
9874,98.74,0.8080271804782403
9875,98.75,0.35050612990904473
9876,98.76,0.7863468281373348
9877,98.77,0.3726368966037724
9878,98.78,0.454535856555321
9879,98.79,0.9245440211548875
9880,98.8,0.6806206050170227
9881,98.81,0.43887046103402605
9882,98.82,0.5245770815406562
9883,98.83,0.6930746291751942
9884,98.84,0.6184350590232771
9885,98.85,0.9346710209271475
9886,98.86,0.7978581986800922
9887,98.87,0.5728905166186646
9888,98.88,0.21647977253788586
9889,98.89,0.39166895098959564
9890,98.9,0.9596751371223646
9891,98.91,0.4132856981906585
9892,98.92,0.6557275216795327
9893,98.93,0.46339646697650083
9894,98.94,0.14043621887691063
9895,98.95,0.8668280658095311
9896,98.96,0.24326170689265342
9897,98.97,0.18688639699470158
9898,98.98,0.19559839181222394
9899,98.99,0.9408105180516098
9900,99.0,0.5287717058605957
9901,99.01,0.7839183532326005
9902,99.02,0.9831955566597654
9903,99.03,0.8276999348814892
9904,99.04,0.759382347137067
9905,99.05,0.31295546736485225
9906,99.06,0.9098148784986129
9907,99.07,0.2565981630634281
9908,99.08,0.9032255660420292
9909,99.09,0.7802324866949599
9910,99.1,0.47805054061217767
9911,99.11,0.15793291222850958
9912,99.12,0.6507132621514459
9913,99.13,0.2030264044826957
9914,99.14,0.8621216675262261
9915,99.15,0.16559352500271496
9916,99.16,0.7870167548722765
9917,99.17,0.6458799709987986
9918,99.18,0.8566114196666591
9919,99.19,0.9311957609404661
9920,99.2,0.3890432931251444
9921,99.21,0.7288531534713407
9922,99.22,0.4398660512260718
9923,99.23,0.9899837775055781
9924,99.24,0.6164016954662009
9925,99.25,0.2797609856437605
9926,99.26,0.3272454480975323
9927,99.27,0.49376336865845405
9928,99.28,0.35748039933254483
9929,99.29,0.28107346793963395
9930,99.3,0.24588062383723783
9931,99.31,0.8324539667045808
9932,99.32,0.8278049961552306
9933,99.33,0.27306623144013037
9934,99.34,0.6238971518115605
9935,99.35,0.6662040968526087
9936,99.36,0.7017924248172752
9937,99.37,0.28318564914103794
9938,99.38,0.8290079625435645
9939,99.39,0.9039619103425194
9940,99.4,0.42360490185727995
9941,99.41,0.4672246330340618
9942,99.42,0.5919227583560499
9943,99.43,0.16476860423863068
9944,99.44,0.266773920611479
9945,99.45,0.756979404106507
9946,99.46,0.9198896501619753
9947,99.47,0.678009139562689
9948,99.48,0.5465579224461556
9949,99.49,0.8491626179719515
9950,99.5,0.6133330624164504
9951,99.51,0.5263595830706153
9952,99.52,0.41689544708160065
9953,99.53,0.656630977316053
9954,99.54,0.6028275807803828
9955,99.55,0.22408618272420983
9956,99.56,0.1604392110928167
9957,99.57,0.4847605739751729
9958,99.58,0.43850640421047216
9959,99.59,0.1637808554786233
9960,99.6,0.17032942559177533
9961,99.61,0.8041486216002864
9962,99.62,0.3684042847962804
9963,99.63,0.206134745842524
9964,99.64,0.3075161549920671
9965,99.65,0.6413406266755179
9966,99.66,0.3978278154156225
9967,99.67,0.3016191023528204
9968,99.68,0.9465557669170709
9969,99.69,0.9300459961990539
9970,99.7,0.32624366247194825
9971,99.71,0.7329459825315675
9972,99.72,0.1611575363963714
9973,99.73,0.8843260023152583
9974,99.74,0.9713033360187865
9975,99.75,0.16729941055909858
9976,99.76,0.6178202868793797
9977,99.77,0.867875694975136
9978,99.78,0.9386281449356869
9979,99.79,0.5500423072354153
9980,99.8,0.45929769319877345
9981,99.81,0.1509833789717216
9982,99.82,0.7277661174731518
9983,99.83,0.1997870238460247
9984,99.84,0.5238808359446688
9985,99.85,0.9256522036078612
9986,99.86,0.3367477647059321
9987,99.87,0.1269802267033402
9988,99.88,0.404240718329438
9989,99.89,0.3347929945622394
9990,99.9,0.40108712091464715
9991,99.91,0.7882623236883638
9992,99.92,0.2253597653196005
9993,99.93,0.5923786128691296
9994,99.94,0.7604854024696964
9995,99.95,0.9317568360389045
9996,99.96,0.6970025146088569
9997,99.97,0.8904431615478966
9998,99.98,0.31205548155456486
9999,99.99,0.16562071163278713
